date,realtime_start,realtime_end,value,pct_change
1959-01-01,2024-05-31,2024-05-31,15.164,
1959-02-01,2024-05-31,2024-05-31,15.179,
1959-03-01,2024-05-31,2024-05-31,15.189,
1959-04-01,2024-05-31,2024-05-31,15.219,
1959-05-01,2024-05-31,2024-05-31,15.227,
1959-06-01,2024-05-31,2024-05-31,15.271,
1959-07-01,2024-05-31,2024-05-31,15.303,
1959-08-01,2024-05-31,2024-05-31,15.325,
1959-09-01,2024-05-31,2024-05-31,15.365,
1959-10-01,2024-05-31,2024-05-31,15.402,
1959-11-01,2024-05-31,2024-05-31,15.412,
1959-12-01,2024-05-31,2024-05-31,15.43,
1960-01-01,2024-05-31,2024-05-31,15.421,1.6948034819308955
1960-02-01,2024-05-31,2024-05-31,15.437,1.6997167138810054
1960-03-01,2024-05-31,2024-05-31,15.446,1.6920139574692294
1960-04-01,2024-05-31,2024-05-31,15.502,1.859517708128
1960-05-01,2024-05-31,2024-05-31,15.518,1.9110790044000847
1960-06-01,2024-05-31,2024-05-31,15.525,1.6632833475214381
1960-07-01,2024-05-31,2024-05-31,15.553,1.6336666013200052
1960-08-01,2024-05-31,2024-05-31,15.579,1.6574225122349295
1960-09-01,2024-05-31,2024-05-31,15.588,1.451350471851609
1960-10-01,2024-05-31,2024-05-31,15.606,1.324503311258285
1960-11-01,2024-05-31,2024-05-31,15.659,1.6026472878276632
1960-12-01,2024-05-31,2024-05-31,15.662,1.503564484769937
1961-01-01,2024-05-31,2024-05-31,15.665,1.582257959924771
1961-02-01,2024-05-31,2024-05-31,15.679,1.5676621105137123
1961-03-01,2024-05-31,2024-05-31,15.67,1.4502136475462946
1961-04-01,2024-05-31,2024-05-31,15.661,1.0256741065668873
1961-05-01,2024-05-31,2024-05-31,15.67,0.9795076685139792
1961-06-01,2024-05-31,2024-05-31,15.677,0.9790660225442727
1961-07-01,2024-05-31,2024-05-31,15.711,1.0158811804796386
1961-08-01,2024-05-31,2024-05-31,15.724,0.9307400988510128
1961-09-01,2024-05-31,2024-05-31,15.742,0.9879394405953423
1961-10-01,2024-05-31,2024-05-31,15.741,0.865051903114189
1961-11-01,2024-05-31,2024-05-31,15.742,0.5300466185580222
1961-12-01,2024-05-31,2024-05-31,15.746,0.5363299706295566
1962-01-01,2024-05-31,2024-05-31,15.776,0.7085860197893368
1962-02-01,2024-05-31,2024-05-31,15.818,0.8865361311308106
1962-03-01,2024-05-31,2024-05-31,15.839,1.0784939374601121
1962-04-01,2024-05-31,2024-05-31,15.857,1.2515165059702404
1962-05-01,2024-05-31,2024-05-31,15.867,1.2571793235481854
1962-06-01,2024-05-31,2024-05-31,15.877,1.2757542897237961
1962-07-01,2024-05-31,2024-05-31,15.868,0.9992998536057618
1962-08-01,2024-05-31,2024-05-31,15.891,1.0620707199185953
1962-09-01,2024-05-31,2024-05-31,15.969,1.4420022868758542
1962-10-01,2024-05-31,2024-05-31,15.953,1.3468013468013407
1962-11-01,2024-05-31,2024-05-31,15.964,1.4102401219667104
1962-12-01,2024-05-31,2024-05-31,15.958,1.3463736822050043
1963-01-01,2024-05-31,2024-05-31,15.997,1.400862068965525
1963-02-01,2024-05-31,2024-05-31,16.014,1.2390947022379528
1963-03-01,2024-05-31,2024-05-31,16.001,1.0227918429193794
1963-04-01,2024-05-31,2024-05-31,16.0,0.9018099262155577
1963-05-01,2024-05-31,2024-05-31,16.026,1.0020797882397403
1963-06-01,2024-05-31,2024-05-31,16.061,1.158909113812423
1963-07-01,2024-05-31,2024-05-31,16.093,1.4179480715906134
1963-08-01,2024-05-31,2024-05-31,16.115,1.4096029198917615
1963-09-01,2024-05-31,2024-05-31,16.112,0.8954850021917427
1963-10-01,2024-05-31,2024-05-31,16.143,1.1909985582649218
1963-11-01,2024-05-31,2024-05-31,16.166,1.2653470308193526
1963-12-01,2024-05-31,2024-05-31,16.19,1.4538162677027344
1964-01-01,2024-05-31,2024-05-31,16.224,1.4190160655122908
1964-02-01,2024-05-31,2024-05-31,16.247,1.4549768952166975
1964-03-01,2024-05-31,2024-05-31,16.257,1.5999000062496105
1964-04-01,2024-05-31,2024-05-31,16.269,1.6812499999999897
1964-05-01,2024-05-31,2024-05-31,16.271,1.528765755647088
1964-06-01,2024-05-31,2024-05-31,16.294,1.450719133304279
1964-07-01,2024-05-31,2024-05-31,16.315,1.3794817622568845
1964-08-01,2024-05-31,2024-05-31,16.327,1.3155445237356789
1964-09-01,2024-05-31,2024-05-31,16.352,1.489572989076482
1964-10-01,2024-05-31,2024-05-31,16.362,1.3566251626091708
1964-11-01,2024-05-31,2024-05-31,16.385,1.354695038970677
1964-12-01,2024-05-31,2024-05-31,16.409,1.3526868437306883
1965-01-01,2024-05-31,2024-05-31,16.427,1.2512327416173585
1965-02-01,2024-05-31,2024-05-31,16.434,1.1509817197021155
1965-03-01,2024-05-31,2024-05-31,16.455,1.2179368887248465
1965-04-01,2024-05-31,2024-05-31,16.481,1.3030917696232214
1965-05-01,2024-05-31,2024-05-31,16.518,1.5180382275213455
1965-06-01,2024-05-31,2024-05-31,16.566,1.669326132318627
1965-07-01,2024-05-31,2024-05-31,16.578,1.6120134845234224
1965-08-01,2024-05-31,2024-05-31,16.582,1.5618300973846866
1965-09-01,2024-05-31,2024-05-31,16.59,1.4554794520547976
1965-10-01,2024-05-31,2024-05-31,16.595,1.4240312920180909
1965-11-01,2024-05-31,2024-05-31,16.623,1.452548062252057
1965-12-01,2024-05-31,2024-05-31,16.683,1.6698153452373798
1966-01-01,2024-05-31,2024-05-31,16.703,1.6801607110245254
1966-02-01,2024-05-31,2024-05-31,16.772,2.0567116952658893
1966-03-01,2024-05-31,2024-05-31,16.813,2.175630507444559
1966-04-01,2024-05-31,2024-05-31,16.871,2.3663612644863496
1966-05-01,2024-05-31,2024-05-31,16.892,2.2641966339750574
1966-06-01,2024-05-31,2024-05-31,16.934,2.221417360859612
1966-07-01,2024-05-31,2024-05-31,16.967,2.346483291108692
1966-08-01,2024-05-31,2024-05-31,17.032,2.7137860330478825
1966-09-01,2024-05-31,2024-05-31,17.086,2.9897528631705805
1966-10-01,2024-05-31,2024-05-31,17.131,3.229888520638746
1966-11-01,2024-05-31,2024-05-31,17.156,3.206400770017437
1966-12-01,2024-05-31,2024-05-31,17.192,3.051010010190014
1967-01-01,2024-05-31,2024-05-31,17.193,2.933604741663176
1967-02-01,2024-05-31,2024-05-31,17.213,2.6293823038397557
1967-03-01,2024-05-31,2024-05-31,17.222,2.4326414084339554
1967-04-01,2024-05-31,2024-05-31,17.251,2.252385750696484
1967-05-01,2024-05-31,2024-05-31,17.284,2.3206251479990447
1967-06-01,2024-05-31,2024-05-31,17.339,2.391638124483264
1967-07-01,2024-05-31,2024-05-31,17.398,2.5402251429245126
1967-08-01,2024-05-31,2024-05-31,17.452,2.465946453734147
1967-09-01,2024-05-31,2024-05-31,17.505,2.4523001287603874
1967-10-01,2024-05-31,2024-05-31,17.554,2.469207868775891
1967-11-01,2024-05-31,2024-05-31,17.612,2.6579622289577998
1967-12-01,2024-05-31,2024-05-31,17.64,2.6058631921824116
1968-01-01,2024-05-31,2024-05-31,17.722,3.0768335950677628
1968-02-01,2024-05-31,2024-05-31,17.794,3.3753558357055624
1968-03-01,2024-05-31,2024-05-31,17.852,3.6581117175705335
1968-04-01,2024-05-31,2024-05-31,17.908,3.8084748710219607
1968-05-01,2024-05-31,2024-05-31,17.974,3.9921314510529937
1968-06-01,2024-05-31,2024-05-31,18.032,3.9967702866370747
1968-07-01,2024-05-31,2024-05-31,18.087,3.960225313254395
1968-08-01,2024-05-31,2024-05-31,18.161,4.062571625028655
1968-09-01,2024-05-31,2024-05-31,18.224,4.107397886318198
1968-10-01,2024-05-31,2024-05-31,18.304,4.272530477384073
1968-11-01,2024-05-31,2024-05-31,18.366,4.281171928230765
1968-12-01,2024-05-31,2024-05-31,18.404,4.331065759637176
1969-01-01,2024-05-31,2024-05-31,18.476,4.254598803746745
1969-02-01,2024-05-31,2024-05-31,18.523,4.096886590985727
1969-03-01,2024-05-31,2024-05-31,18.61,4.24602285458211
1969-04-01,2024-05-31,2024-05-31,18.692,4.377931650658917
1969-05-01,2024-05-31,2024-05-31,18.767,4.41192834093691
1969-06-01,2024-05-31,2024-05-31,18.858,4.5807453416149
1969-07-01,2024-05-31,2024-05-31,18.941,4.721623265328678
1969-08-01,2024-05-31,2024-05-31,18.993,4.581245526127398
1969-09-01,2024-05-31,2024-05-31,19.072,4.653204565408253
1969-10-01,2024-05-31,2024-05-31,19.137,4.550917832167833
1969-11-01,2024-05-31,2024-05-31,19.22,4.649896547969079
1969-12-01,2024-05-31,2024-05-31,19.308,4.9119756574657725
1970-01-01,2024-05-31,2024-05-31,19.377,4.876596665944999
1970-02-01,2024-05-31,2024-05-31,19.454,5.02618366355343
1970-03-01,2024-05-31,2024-05-31,19.502,4.7931219774314915
1970-04-01,2024-05-31,2024-05-31,19.601,4.863043013053714
1970-05-01,2024-05-31,2024-05-31,19.663,4.774337933606865
1970-06-01,2024-05-31,2024-05-31,19.714,4.539187612684259
1970-07-01,2024-05-31,2024-05-31,19.786,4.46122168840084
1970-08-01,2024-05-31,2024-05-31,19.838,4.449007529089677
1970-09-01,2024-05-31,2024-05-31,19.927,4.483011744966436
1970-10-01,2024-05-31,2024-05-31,20.026,4.645451220149455
1970-11-01,2024-05-31,2024-05-31,20.105,4.604578563995854
1970-12-01,2024-05-31,2024-05-31,20.194,4.588771493681376
1971-01-01,2024-05-31,2024-05-31,20.237,4.438251535325377
1971-02-01,2024-05-31,2024-05-31,20.296,4.328158733422427
1971-03-01,2024-05-31,2024-05-31,20.363,4.414931801866473
1971-04-01,2024-05-31,2024-05-31,20.443,4.295699199020464
1971-05-01,2024-05-31,2024-05-31,20.528,4.399125260641812
1971-06-01,2024-05-31,2024-05-31,20.619,4.590646241249874
1971-07-01,2024-05-31,2024-05-31,20.681,4.523400384109966
1971-08-01,2024-05-31,2024-05-31,20.741,4.551870148200421
1971-09-01,2024-05-31,2024-05-31,20.772,4.240477743764726
1971-10-01,2024-05-31,2024-05-31,20.804,3.884949565564755
1971-11-01,2024-05-31,2024-05-31,20.847,3.6906242228301522
1971-12-01,2024-05-31,2024-05-31,20.929,3.639694958898687
1972-01-01,2024-05-31,2024-05-31,21.015,3.844443346345816
1972-02-01,2024-05-31,2024-05-31,21.098,3.9515175404020386
1972-03-01,2024-05-31,2024-05-31,21.128,3.7568138290035913
1972-04-01,2024-05-31,2024-05-31,21.16,3.5073130166805244
1972-05-01,2024-05-31,2024-05-31,21.207,3.307677318784119
1972-06-01,2024-05-31,2024-05-31,21.239,3.006935350889961
1972-07-01,2024-05-31,2024-05-31,21.315,3.065615782602382
1972-08-01,2024-05-31,2024-05-31,21.377,3.066390241550554
1972-09-01,2024-05-31,2024-05-31,21.473,3.3747352204891223
1972-10-01,2024-05-31,2024-05-31,21.497,3.3310901749663557
1972-11-01,2024-05-31,2024-05-31,21.561,3.4249532306806607
1972-12-01,2024-05-31,2024-05-31,21.63,3.349419465812997
1973-01-01,2024-05-31,2024-05-31,21.695,3.235783963835348
1973-02-01,2024-05-31,2024-05-31,21.809,3.369987676557029
1973-03-01,2024-05-31,2024-05-31,21.964,3.9568345323740983
1973-04-01,2024-05-31,2024-05-31,22.127,4.569943289224954
1973-05-01,2024-05-31,2024-05-31,22.236,4.852171452822174
1973-06-01,2024-05-31,2024-05-31,22.363,5.2921512312255725
1973-07-01,2024-05-31,2024-05-31,22.444,5.2967393854093325
1973-08-01,2024-05-31,2024-05-31,22.703,6.202928380970207
1973-09-01,2024-05-31,2024-05-31,22.793,6.147254691938708
1973-10-01,2024-05-31,2024-05-31,22.922,6.62883193003676
1973-11-01,2024-05-31,2024-05-31,23.11,7.184267891099672
1973-12-01,2024-05-31,2024-05-31,23.3,7.720758206195111
1974-01-01,2024-05-31,2024-05-31,23.523,8.425904586310207
1974-02-01,2024-05-31,2024-05-31,23.797,9.115502774084083
1974-03-01,2024-05-31,2024-05-31,24.073,9.602076124567493
1974-04-01,2024-05-31,2024-05-31,24.243,9.56297735797893
1974-05-01,2024-05-31,2024-05-31,24.482,10.100737542723515
1974-06-01,2024-05-31,2024-05-31,24.69,10.405580646603774
1974-07-01,2024-05-31,2024-05-31,24.872,10.818036000712894
1974-08-01,2024-05-31,2024-05-31,25.132,10.699026560366477
1974-09-01,2024-05-31,2024-05-31,25.393,11.407010924406613
1974-10-01,2024-05-31,2024-05-31,25.575,11.574033679434592
1974-11-01,2024-05-31,2024-05-31,25.767,11.497187364777162
1974-12-01,2024-05-31,2024-05-31,25.971,11.463519313304715
1975-01-01,2024-05-31,2024-05-31,26.132,11.091272371721296
1975-02-01,2024-05-31,2024-05-31,26.274,10.408875068285916
1975-03-01,2024-05-31,2024-05-31,26.363,9.512732106509358
1975-04-01,2024-05-31,2024-05-31,26.452,9.111908592170948
1975-05-01,2024-05-31,2024-05-31,26.558,8.47969937096642
1975-06-01,2024-05-31,2024-05-31,26.724,8.238153098420398
1975-07-01,2024-05-31,2024-05-31,26.953,8.366838211643612
1975-08-01,2024-05-31,2024-05-31,27.07,7.7112844182715135
1975-09-01,2024-05-31,2024-05-31,27.204,7.131886740440274
1975-10-01,2024-05-31,2024-05-31,27.362,6.987292277614854
1975-11-01,2024-05-31,2024-05-31,27.538,6.873132301005169
1975-12-01,2024-05-31,2024-05-31,27.69,6.6189211043086615
1976-01-01,2024-05-31,2024-05-31,27.795,6.363845094137455
1976-02-01,2024-05-31,2024-05-31,27.831,5.926010504681423
1976-03-01,2024-05-31,2024-05-31,27.873,5.727724462314621
1976-04-01,2024-05-31,2024-05-31,27.936,5.610161802510194
1976-05-01,2024-05-31,2024-05-31,28.069,5.689434445364849
1976-06-01,2024-05-31,2024-05-31,28.192,5.493189642269125
1976-07-01,2024-05-31,2024-05-31,28.335,5.127444069305831
1976-08-01,2024-05-31,2024-05-31,28.491,5.249353527890643
1976-09-01,2024-05-31,2024-05-31,28.651,5.319070724893393
1976-10-01,2024-05-31,2024-05-31,28.801,5.259118485490832
1976-11-01,2024-05-31,2024-05-31,28.932,5.062096012782336
1976-12-01,2024-05-31,2024-05-31,29.094,5.070422535211261
1977-01-01,2024-05-31,2024-05-31,29.263,5.281525454218383
1977-02-01,2024-05-31,2024-05-31,29.492,5.9681649958679195
1977-03-01,2024-05-31,2024-05-31,29.64,6.33946830265848
1977-04-01,2024-05-31,2024-05-31,29.812,6.715349369988544
1977-05-01,2024-05-31,2024-05-31,29.963,6.747657558160247
1977-06-01,2024-05-31,2024-05-31,30.131,6.877837684449495
1977-07-01,2024-05-31,2024-05-31,30.287,6.889006529027708
1977-08-01,2024-05-31,2024-05-31,30.428,6.798638166438531
1977-09-01,2024-05-31,2024-05-31,30.543,6.603608949076811
1977-10-01,2024-05-31,2024-05-31,30.685,6.541439533349536
1977-11-01,2024-05-31,2024-05-31,30.861,6.667357942762342
1977-12-01,2024-05-31,2024-05-31,31.011,6.5889874200866005
1978-01-01,2024-05-31,2024-05-31,31.194,6.598776612104018
1978-02-01,2024-05-31,2024-05-31,31.339,6.262715312627143
1978-03-01,2024-05-31,2024-05-31,31.542,6.417004048583008
1978-04-01,2024-05-31,2024-05-31,31.781,6.604722930363605
1978-05-01,2024-05-31,2024-05-31,32.008,6.825084270600423
1978-06-01,2024-05-31,2024-05-31,32.217,6.923102452623531
1978-07-01,2024-05-31,2024-05-31,32.393,6.953478390068346
1978-08-01,2024-05-31,2024-05-31,32.557,6.996845011173924
1978-09-01,2024-05-31,2024-05-31,32.742,7.199685689028579
1978-10-01,2024-05-31,2024-05-31,33.003,7.554179566563479
1978-11-01,2024-05-31,2024-05-31,33.19,7.546741842454874
1978-12-01,2024-05-31,2024-05-31,33.345,7.526361613620969
1979-01-01,2024-05-31,2024-05-31,33.597,7.703404500865552
1979-02-01,2024-05-31,2024-05-31,33.776,7.776253230798691
1979-03-01,2024-05-31,2024-05-31,34.04,7.919599264472765
1979-04-01,2024-05-31,2024-05-31,34.395,8.225040118309689
1979-05-01,2024-05-31,2024-05-31,34.751,8.569732566858267
1979-06-01,2024-05-31,2024-05-31,35.038,8.756246702051707
1979-07-01,2024-05-31,2024-05-31,35.305,8.989596517766184
1979-08-01,2024-05-31,2024-05-31,35.575,9.269895874927059
1979-09-01,2024-05-31,2024-05-31,35.889,9.611508154663762
1979-10-01,2024-05-31,2024-05-31,36.182,9.632457655364668
1979-11-01,2024-05-31,2024-05-31,36.433,9.77101536607412
1979-12-01,2024-05-31,2024-05-31,36.739,10.178437546858587
1980-01-01,2024-05-31,2024-05-31,37.124,10.497961127481625
1980-02-01,2024-05-31,2024-05-31,37.526,11.10255802936997
1980-03-01,2024-05-31,2024-05-31,37.987,11.595182138660398
1980-04-01,2024-05-31,2024-05-31,38.185,11.019043465619994
1980-05-01,2024-05-31,2024-05-31,38.482,10.736381686857932
1980-06-01,2024-05-31,2024-05-31,38.725,10.522860893886655
1980-07-01,2024-05-31,2024-05-31,39.026,10.539583628381255
1980-08-01,2024-05-31,2024-05-31,39.351,10.614195361911438
1980-09-01,2024-05-31,2024-05-31,39.715,10.660648109448578
1980-10-01,2024-05-31,2024-05-31,40.033,10.643413852191696
1980-11-01,2024-05-31,2024-05-31,40.359,10.775944885131628
1980-12-01,2024-05-31,2024-05-31,40.621,10.566428046490127
1981-01-01,2024-05-31,2024-05-31,41.011,10.470315698739352
1981-02-01,2024-05-31,2024-05-31,41.426,10.392794329265032
1981-03-01,2024-05-31,2024-05-31,41.715,9.813883697054248
1981-04-01,2024-05-31,2024-05-31,41.897,9.721094670682184
1981-05-01,2024-05-31,2024-05-31,42.085,9.362818980302489
1981-06-01,2024-05-31,2024-05-31,42.253,9.1103938024532
1981-07-01,2024-05-31,2024-05-31,42.508,8.92225695690052
1981-08-01,2024-05-31,2024-05-31,42.774,8.698635358694817
1981-09-01,2024-05-31,2024-05-31,43.033,8.354525997733852
1981-10-01,2024-05-31,2024-05-31,43.228,7.980915744510786
1981-11-01,2024-05-31,2024-05-31,43.46,7.683540226467445
1981-12-01,2024-05-31,2024-05-31,43.594,7.3188744737943345
1982-01-01,2024-05-31,2024-05-31,43.853,6.929848089536961
1982-02-01,2024-05-31,2024-05-31,43.985,6.1772799691015345
1982-03-01,2024-05-31,2024-05-31,44.098,5.712573414838773
1982-04-01,2024-05-31,2024-05-31,44.12,5.3058691553094395
1982-05-01,2024-05-31,2024-05-31,44.382,5.45800166330046
1982-06-01,2024-05-31,2024-05-31,44.704,5.800771542849037
1982-07-01,2024-05-31,2024-05-31,44.969,5.789498447351082
1982-08-01,2024-05-31,2024-05-31,45.108,5.45658577640622
1982-09-01,2024-05-31,2024-05-31,45.233,5.112355634048282
1982-10-01,2024-05-31,2024-05-31,45.487,5.225779587304524
1982-11-01,2024-05-31,2024-05-31,45.624,4.979291302347
1982-12-01,2024-05-31,2024-05-31,45.693,4.814882782034213
1983-01-01,2024-05-31,2024-05-31,45.906,4.681549722937994
1983-02-01,2024-05-31,2024-05-31,45.984,4.544731158349435
1983-03-01,2024-05-31,2024-05-31,46.043,4.410630867613041
1983-04-01,2024-05-31,2024-05-31,46.253,4.834542157751587
1983-05-01,2024-05-31,2024-05-31,46.384,4.510837727006445
1983-06-01,2024-05-31,2024-05-31,46.557,4.145042949176814
1983-07-01,2024-05-31,2024-05-31,46.82,4.116168916364615
1983-08-01,2024-05-31,2024-05-31,47.02,4.238715970559559
1983-09-01,2024-05-31,2024-05-31,47.185,4.315433422501291
1983-10-01,2024-05-31,2024-05-31,47.265,3.9088091102952527
1983-11-01,2024-05-31,2024-05-31,47.332,3.7436436963001807
1983-12-01,2024-05-31,2024-05-31,47.358,3.6438841835729763
1984-01-01,2024-05-31,2024-05-31,47.564,3.611728314381568
1984-02-01,2024-05-31,2024-05-31,47.884,4.1318719554627625
1984-03-01,2024-05-31,2024-05-31,48.041,4.339421844797253
1984-04-01,2024-05-31,2024-05-31,48.224,4.261345210040424
1984-05-01,2024-05-31,2024-05-31,48.285,4.098395998620208
1984-06-01,2024-05-31,2024-05-31,48.371,3.8962991601692476
1984-07-01,2024-05-31,2024-05-31,48.544,3.6821870995300987
1984-08-01,2024-05-31,2024-05-31,48.693,3.5580603998298432
1984-09-01,2024-05-31,2024-05-31,48.759,3.3358058705097005
1984-10-01,2024-05-31,2024-05-31,48.874,3.4042103036073135
1984-11-01,2024-05-31,2024-05-31,48.943,3.4036170032958557
1984-12-01,2024-05-31,2024-05-31,49.081,3.6382448583132776
1985-01-01,2024-05-31,2024-05-31,49.326,3.7044823816331673
1985-02-01,2024-05-31,2024-05-31,49.555,3.489683401553756
1985-03-01,2024-05-31,2024-05-31,49.749,3.5552965175579265
1985-04-01,2024-05-31,2024-05-31,49.821,3.311629064366284
1985-05-01,2024-05-31,2024-05-31,49.939,3.4254944599772186
1985-06-01,2024-05-31,2024-05-31,50.075,3.522771908788336
1985-07-01,2024-05-31,2024-05-31,50.198,3.407218193803563
1985-08-01,2024-05-31,2024-05-31,50.364,3.4317047624915276
1985-09-01,2024-05-31,2024-05-31,50.449,3.4660267847987036
1985-10-01,2024-05-31,2024-05-31,50.533,3.3944428530507054
1985-11-01,2024-05-31,2024-05-31,50.68,3.5490264184868225
1985-12-01,2024-05-31,2024-05-31,50.85,3.6042460422566647
1986-01-01,2024-05-31,2024-05-31,51.084,3.5640433037343433
1986-02-01,2024-05-31,2024-05-31,51.084,3.085460599334078
1986-03-01,2024-05-31,2024-05-31,50.972,2.4583408711732924
1986-04-01,2024-05-31,2024-05-31,50.868,2.101523453965193
1986-05-01,2024-05-31,2024-05-31,50.961,2.04649672600572
1986-06-01,2024-05-31,2024-05-31,51.151,2.1487768347478786
1986-07-01,2024-05-31,2024-05-31,51.164,1.9243794573488904
1986-08-01,2024-05-31,2024-05-31,51.228,1.7155110793424022
1986-09-01,2024-05-31,2024-05-31,51.396,1.8771432535828358
1986-10-01,2024-05-31,2024-05-31,51.488,1.8898541547107905
1986-11-01,2024-05-31,2024-05-31,51.58,1.7758484609313285
1986-12-01,2024-05-31,2024-05-31,51.651,1.5752212389380515
1987-01-01,2024-05-31,2024-05-31,51.894,1.585623678646919
1987-02-01,2024-05-31,2024-05-31,52.076,1.94189961631821
1987-03-01,2024-05-31,2024-05-31,52.214,2.436631876324258
1987-04-01,2024-05-31,2024-05-31,52.409,3.029409451914744
1987-05-01,2024-05-31,2024-05-31,52.542,3.1023724024253907
1987-06-01,2024-05-31,2024-05-31,52.741,3.1084436276905603
1987-07-01,2024-05-31,2024-05-31,52.863,3.3206942381361904
1987-08-01,2024-05-31,2024-05-31,53.072,3.599593972046544
1987-09-01,2024-05-31,2024-05-31,53.251,3.6092302902949625
1987-10-01,2024-05-31,2024-05-31,53.42,3.7523306401491707
1987-11-01,2024-05-31,2024-05-31,53.521,3.7630864676231113
1987-12-01,2024-05-31,2024-05-31,53.62,3.8121236762114874
1988-01-01,2024-05-31,2024-05-31,53.828,3.7268277642887426
1988-02-01,2024-05-31,2024-05-31,53.908,3.5179353252938084
1988-03-01,2024-05-31,2024-05-31,54.093,3.598651702608513
1988-04-01,2024-05-31,2024-05-31,54.356,3.7150107805911325
1988-05-01,2024-05-31,2024-05-31,54.514,3.753187925849799
1988-06-01,2024-05-31,2024-05-31,54.746,3.8015964809161806
1988-07-01,2024-05-31,2024-05-31,55.012,4.065225204774614
1988-08-01,2024-05-31,2024-05-31,55.175,3.962541453120272
1988-09-01,2024-05-31,2024-05-31,55.444,4.118232521455001
1988-10-01,2024-05-31,2024-05-31,55.625,4.127667540247093
1988-11-01,2024-05-31,2024-05-31,55.754,4.172194092038639
1988-12-01,2024-05-31,2024-05-31,55.928,4.304364043267439
1989-01-01,2024-05-31,2024-05-31,56.215,4.434495058333954
1989-02-01,2024-05-31,2024-05-31,56.402,4.626400534243524
1989-03-01,2024-05-31,2024-05-31,56.612,4.656794779361473
1989-04-01,2024-05-31,2024-05-31,56.989,4.843991463683861
1989-05-01,2024-05-31,2024-05-31,57.197,4.921671497230062
1989-06-01,2024-05-31,2024-05-31,57.322,4.705366602126193
1989-07-01,2024-05-31,2024-05-31,57.459,4.448120410092349
1989-08-01,2024-05-31,2024-05-31,57.466,4.152242863615774
1989-09-01,2024-05-31,2024-05-31,57.594,3.877786595483723
1989-10-01,2024-05-31,2024-05-31,57.819,3.9442696629213625
1989-11-01,2024-05-31,2024-05-31,57.945,3.929762886967758
1989-12-01,2024-05-31,2024-05-31,58.113,3.906808754112445
1990-01-01,2024-05-31,2024-05-31,58.553,4.1590322867562035
1990-02-01,2024-05-31,2024-05-31,58.811,4.271125137406484
1990-03-01,2024-05-31,2024-05-31,59.033,4.276478485126822
1990-04-01,2024-05-31,2024-05-31,59.157,3.8042429240730646
1990-05-01,2024-05-31,2024-05-31,59.29,3.659282829519017
1990-06-01,2024-05-31,2024-05-31,59.552,3.8903038972820214
1990-07-01,2024-05-31,2024-05-31,59.699,3.8984319253728694
1990-08-01,2024-05-31,2024-05-31,60.096,4.576619218320399
1990-09-01,2024-05-31,2024-05-31,60.465,4.98489425981874
1990-10-01,2024-05-31,2024-05-31,60.811,5.174769539424751
1990-11-01,2024-05-31,2024-05-31,60.888,5.078954180688577
1990-12-01,2024-05-31,2024-05-31,60.945,4.873264157761614
1991-01-01,2024-05-31,2024-05-31,61.177,4.481410004611219
1991-02-01,2024-05-31,2024-05-31,61.208,4.0757681386135225
1991-03-01,2024-05-31,2024-05-31,61.221,3.706401504243373
1991-04-01,2024-05-31,2024-05-31,61.332,3.676657031289632
1991-05-01,2024-05-31,2024-05-31,61.586,3.872491145218415
1991-06-01,2024-05-31,2024-05-31,61.69,3.5901397098334176
1991-07-01,2024-05-31,2024-05-31,61.787,3.4975460225464383
1991-08-01,2024-05-31,2024-05-31,61.931,3.0534478168264156
1991-09-01,2024-05-31,2024-05-31,62.144,2.776813032332748
1991-10-01,2024-05-31,2024-05-31,62.26,2.3827925868675104
1991-11-01,2024-05-31,2024-05-31,62.397,2.478320851399296
1991-12-01,2024-05-31,2024-05-31,62.553,2.6384444991385703
1992-01-01,2024-05-31,2024-05-31,62.638,2.388152410219524
1992-02-01,2024-05-31,2024-05-31,62.797,2.596065873741993
1992-03-01,2024-05-31,2024-05-31,62.949,2.8225608859705043
1992-04-01,2024-05-31,2024-05-31,63.119,2.9136502967455735
1992-05-01,2024-05-31,2024-05-31,63.203,2.625596726528756
1992-06-01,2024-05-31,2024-05-31,63.315,2.6341384341060037
1992-07-01,2024-05-31,2024-05-31,63.524,2.8112709793322255
1992-08-01,2024-05-31,2024-05-31,63.609,2.709466987453779
1992-09-01,2024-05-31,2024-05-31,63.713,2.524781153450051
1992-10-01,2024-05-31,2024-05-31,63.938,2.6951493735946075
1992-11-01,2024-05-31,2024-05-31,64.064,2.671602801416717
1992-12-01,2024-05-31,2024-05-31,64.176,2.5945997793870967
1993-01-01,2024-05-31,2024-05-31,64.332,2.704428621603494
1993-02-01,2024-05-31,2024-05-31,64.429,2.598850263547625
1993-03-01,2024-05-31,2024-05-31,64.561,2.560803189883898
1993-04-01,2024-05-31,2024-05-31,64.733,2.557074731855713
1993-05-01,2024-05-31,2024-05-31,64.933,2.7372118412100743
1993-06-01,2024-05-31,2024-05-31,64.955,2.5902234857458684
1993-07-01,2024-05-31,2024-05-31,65.059,2.416409545998355
1993-08-01,2024-05-31,2024-05-31,65.17,2.4540552437548158
1993-09-01,2024-05-31,2024-05-31,65.238,2.393546058104312
1993-10-01,2024-05-31,2024-05-31,65.443,2.353842785198146
1993-11-01,2024-05-31,2024-05-31,65.567,2.346091408591411
1993-12-01,2024-05-31,2024-05-31,65.582,2.1908501620543364
1994-01-01,2024-05-31,2024-05-31,65.604,1.977243051669464
1994-02-01,2024-05-31,2024-05-31,65.756,2.059631532384487
1994-03-01,2024-05-31,2024-05-31,65.937,2.1313176685614943
1994-04-01,2024-05-31,2024-05-31,66.015,1.980442741723687
1994-05-01,2024-05-31,2024-05-31,66.111,1.8141776908505713
1994-06-01,2024-05-31,2024-05-31,66.272,2.0275575398352785
1994-07-01,2024-05-31,2024-05-31,66.481,2.1857083570297586
1994-08-01,2024-05-31,2024-05-31,66.634,2.2464324075494924
1994-09-01,2024-05-31,2024-05-31,66.708,2.2532879610043244
1994-10-01,2024-05-31,2024-05-31,66.821,2.1056491908989505
1994-11-01,2024-05-31,2024-05-31,66.948,2.106242469534969
1994-12-01,2024-05-31,2024-05-31,66.991,2.148455368851221
1995-01-01,2024-05-31,2024-05-31,67.127,2.3215047862935156
1995-02-01,2024-05-31,2024-05-31,67.246,2.265952916844083
1995-03-01,2024-05-31,2024-05-31,67.37,2.1732866220786518
1995-04-01,2024-05-31,2024-05-31,67.547,2.320684692872832
1995-05-01,2024-05-31,2024-05-31,67.651,2.3294156796902055
1995-06-01,2024-05-31,2024-05-31,67.717,2.1804080154514516
1995-07-01,2024-05-31,2024-05-31,67.802,1.9870338893819506
1995-08-01,2024-05-31,2024-05-31,67.948,1.9719662634690938
1995-09-01,2024-05-31,2024-05-31,67.995,1.929303831624396
1995-10-01,2024-05-31,2024-05-31,68.171,2.0203229523652944
1995-11-01,2024-05-31,2024-05-31,68.169,1.8238035490231175
1995-12-01,2024-05-31,2024-05-31,68.3,1.9539938200653806
1996-01-01,2024-05-31,2024-05-31,68.452,1.9738704247173278
1996-02-01,2024-05-31,2024-05-31,68.56,1.9540195699372598
1996-03-01,2024-05-31,2024-05-31,68.767,2.0736232744544836
1996-04-01,2024-05-31,2024-05-31,68.973,2.1111226257272797
1996-05-01,2024-05-31,2024-05-31,69.092,2.1300498144890767
1996-06-01,2024-05-31,2024-05-31,69.091,2.0290325915205853
1996-07-01,2024-05-31,2024-05-31,69.237,2.11645674168901
1996-08-01,2024-05-31,2024-05-31,69.303,1.9941720138929808
1996-09-01,2024-05-31,2024-05-31,69.499,2.211927347599074
1996-10-01,2024-05-31,2024-05-31,69.709,2.2560912998195626
1996-11-01,2024-05-31,2024-05-31,69.833,2.44099223987444
1996-12-01,2024-05-31,2024-05-31,69.914,2.3631039531478937
1997-01-01,2024-05-31,2024-05-31,70.005,2.2687430608309356
1997-02-01,2024-05-31,2024-05-31,70.151,2.320595099183187
1997-03-01,2024-05-31,2024-05-31,70.225,2.120203004348009
1997-04-01,2024-05-31,2024-05-31,70.294,1.9152421962217003
1997-05-01,2024-05-31,2024-05-31,70.262,1.6933943148266017
1997-06-01,2024-05-31,2024-05-31,70.352,1.8251291774616263
1997-07-01,2024-05-31,2024-05-31,70.394,1.6710718257579193
1997-08-01,2024-05-31,2024-05-31,70.45,1.6550510078928937
1997-09-01,2024-05-31,2024-05-31,70.62,1.6129728485302142
1997-10-01,2024-05-31,2024-05-31,70.712,1.4388386004676512
1997-11-01,2024-05-31,2024-05-31,70.716,1.2644451763492937
1997-12-01,2024-05-31,2024-05-31,70.701,1.1256686786623504
1998-01-01,2024-05-31,2024-05-31,70.736,1.0442111277765953
1998-02-01,2024-05-31,2024-05-31,70.699,0.7811720431640357
1998-03-01,2024-05-31,2024-05-31,70.71,0.6906372374510417
1998-04-01,2024-05-31,2024-05-31,70.798,0.7169886476797505
1998-05-01,2024-05-31,2024-05-31,70.895,0.9009137229227582
1998-06-01,2024-05-31,2024-05-31,70.835,0.6865476461223485
1998-07-01,2024-05-31,2024-05-31,71.01,0.8750745802199145
1998-08-01,2024-05-31,2024-05-31,71.108,0.9339957416607536
1998-09-01,2024-05-31,2024-05-31,71.067,0.6329651656754365
1998-10-01,2024-05-31,2024-05-31,71.223,0.7226496209978395
1998-11-01,2024-05-31,2024-05-31,71.226,0.7211946377057687
1998-12-01,2024-05-31,2024-05-31,71.298,0.8444010692918225
1999-01-01,2024-05-31,2024-05-31,71.398,0.9358742365980444
1999-02-01,2024-05-31,2024-05-31,71.358,0.932120680631976
1999-03-01,2024-05-31,2024-05-31,71.412,0.9927874416631566
1999-04-01,2024-05-31,2024-05-31,71.757,1.3545580383626632
1999-05-01,2024-05-31,2024-05-31,71.804,1.2821778686790353
1999-06-01,2024-05-31,2024-05-31,71.826,1.3990259052728105
1999-07-01,2024-05-31,2024-05-31,72.017,1.4181101253344375
1999-08-01,2024-05-31,2024-05-31,72.148,1.4625639871744367
1999-09-01,2024-05-31,2024-05-31,72.407,1.885544626901381
1999-10-01,2024-05-31,2024-05-31,72.529,1.8336773233365689
1999-11-01,2024-05-31,2024-05-31,72.594,1.920646954763705
1999-12-01,2024-05-31,2024-05-31,72.763,2.0547560941400977
2000-01-01,2024-05-31,2024-05-31,72.961,2.1891369506148672
2000-02-01,2024-05-31,2024-05-31,73.191,2.5687379130580945
2000-03-01,2024-05-31,2024-05-31,73.505,2.930879964151667
2000-04-01,2024-05-31,2024-05-31,73.444,2.3509901473026895
2000-05-01,2024-05-31,2024-05-31,73.505,2.368948805080495
2000-06-01,2024-05-31,2024-05-31,73.754,2.684264750925869
2000-07-01,2024-05-31,2024-05-31,73.939,2.668814307732892
2000-08-01,2024-05-31,2024-05-31,73.934,2.475467095414974
2000-09-01,2024-05-31,2024-05-31,74.252,2.5480961785462775
2000-10-01,2024-05-31,2024-05-31,74.353,2.5148561265149194
2000-11-01,2024-05-31,2024-05-31,74.457,2.5663277956855968
2000-12-01,2024-05-31,2024-05-31,74.571,2.4847793521432404
2001-01-01,2024-05-31,2024-05-31,74.932,2.7014432367977514
2001-02-01,2024-05-31,2024-05-31,75.048,2.537197196376595
2001-03-01,2024-05-31,2024-05-31,75.055,2.1087000884293827
2001-04-01,2024-05-31,2024-05-31,75.187,2.373236751810892
2001-05-01,2024-05-31,2024-05-31,75.385,2.5576491395143286
2001-06-01,2024-05-31,2024-05-31,75.518,2.3917346855763633
2001-07-01,2024-05-31,2024-05-31,75.493,2.1017325092305805
2001-08-01,2024-05-31,2024-05-31,75.484,2.0964644142072553
2001-09-01,2024-05-31,2024-05-31,75.227,1.3130959435436296
2001-10-01,2024-05-31,2024-05-31,75.492,1.531881699460702
2001-11-01,2024-05-31,2024-05-31,75.441,1.321568153430852
2001-12-01,2024-05-31,2024-05-31,75.363,1.0620750693969505
2002-01-01,2024-05-31,2024-05-31,75.431,0.6659371163187933
2002-02-01,2024-05-31,2024-05-31,75.558,0.679565078349853
2002-03-01,2024-05-31,2024-05-31,75.763,0.9433082406235416
2002-04-01,2024-05-31,2024-05-31,76.08,1.1877053213986466
2002-05-01,2024-05-31,2024-05-31,76.13,0.9882602639782245
2002-06-01,2024-05-31,2024-05-31,76.225,0.9362006409068035
2002-07-01,2024-05-31,2024-05-31,76.393,1.1921635118487872
2002-08-01,2024-05-31,2024-05-31,76.543,1.402946319749887
2002-09-01,2024-05-31,2024-05-31,76.681,1.9328166748640685
2002-10-01,2024-05-31,2024-05-31,76.821,1.7604514385630265
2002-11-01,2024-05-31,2024-05-31,76.897,1.9299850214074654
2002-12-01,2024-05-31,2024-05-31,76.971,2.13367302257077
2003-01-01,2024-05-31,2024-05-31,77.201,2.3465153584070197
2003-02-01,2024-05-31,2024-05-31,77.526,2.6046216151830226
2003-03-01,2024-05-31,2024-05-31,77.725,2.589654580732015
2003-04-01,2024-05-31,2024-05-31,77.593,1.9886961093585676
2003-05-01,2024-05-31,2024-05-31,77.504,1.8048075660055396
2003-06-01,2024-05-31,2024-05-31,77.588,1.788127254837657
2003-07-01,2024-05-31,2024-05-31,77.816,1.8627361145654664
2003-08-01,2024-05-31,2024-05-31,78.079,2.0067151797029004
2003-09-01,2024-05-31,2024-05-31,78.323,2.141338793182146
2003-10-01,2024-05-31,2024-05-31,78.333,1.9682118170812668
2003-11-01,2024-05-31,2024-05-31,78.432,1.996176703902619
2003-12-01,2024-05-31,2024-05-31,78.605,2.122877447350291
2004-01-01,2024-05-31,2024-05-31,78.909,2.212406575044379
2004-02-01,2024-05-31,2024-05-31,79.077,2.000619147124838
2004-03-01,2024-05-31,2024-05-31,79.199,1.8964297201672586
2004-04-01,2024-05-31,2024-05-31,79.346,2.2592244145734686
2004-05-01,2024-05-31,2024-05-31,79.604,2.709537572254317
2004-06-01,2024-05-31,2024-05-31,79.831,2.890910965613247
2004-07-01,2024-05-31,2024-05-31,79.905,2.684537884239746
2004-08-01,2024-05-31,2024-05-31,79.946,2.391167919671111
2004-09-01,2024-05-31,2024-05-31,80.104,2.2739169847937557
2004-10-01,2024-05-31,2024-05-31,80.448,2.700011489410592
2004-11-01,2024-05-31,2024-05-31,80.758,2.9656262749897966
2004-12-01,2024-05-31,2024-05-31,80.801,2.7937154125055708
2005-01-01,2024-05-31,2024-05-31,80.907,2.53203056685547
2005-02-01,2024-05-31,2024-05-31,81.132,2.598732880610055
2005-03-01,2024-05-31,2024-05-31,81.375,2.747509438250484
2005-04-01,2024-05-31,2024-05-31,81.603,2.844503818718014
2005-05-01,2024-05-31,2024-05-31,81.649,2.5689663835988252
2005-06-01,2024-05-31,2024-05-31,81.7,2.3411957760769653
2005-07-01,2024-05-31,2024-05-31,82.046,2.679431825292533
2005-08-01,2024-05-31,2024-05-31,82.377,3.0408025417156592
2005-09-01,2024-05-31,2024-05-31,83.172,3.8300209727354373
2005-10-01,2024-05-31,2024-05-31,83.305,3.551362370723954
2005-11-01,2024-05-31,2024-05-31,83.131,2.938408578716656
2005-12-01,2024-05-31,2024-05-31,83.131,2.8836276778752667
2006-01-01,2024-05-31,2024-05-31,83.534,3.246937842213904
2006-02-01,2024-05-31,2024-05-31,83.584,3.0222353695212645
2006-03-01,2024-05-31,2024-05-31,83.746,2.9136712749615823
2006-04-01,2024-05-31,2024-05-31,84.135,3.102827101944805
2006-05-01,2024-05-31,2024-05-31,84.361,3.321534862643749
2006-06-01,2024-05-31,2024-05-31,84.569,3.511627906976744
2006-07-01,2024-05-31,2024-05-31,84.858,3.4273456353752785
2006-08-01,2024-05-31,2024-05-31,85.125,3.335882588586636
2006-09-01,2024-05-31,2024-05-31,84.902,2.0800269321406217
2006-10-01,2024-05-31,2024-05-31,84.702,1.67697016985775
2006-11-01,2024-05-31,2024-05-31,84.731,1.9246731063020883
2006-12-01,2024-05-31,2024-05-31,85.032,2.2867522344251823
2007-01-01,2024-05-31,2024-05-31,85.316,2.133263102449301
2007-02-01,2024-05-31,2024-05-31,85.581,2.389213246554367
2007-03-01,2024-05-31,2024-05-31,85.894,2.564898622023759
2007-04-01,2024-05-31,2024-05-31,86.096,2.3307779164438047
2007-05-01,2024-05-31,2024-05-31,86.346,2.352983013477794
2007-06-01,2024-05-31,2024-05-31,86.529,2.3176341212501006
2007-07-01,2024-05-31,2024-05-31,86.661,2.1247260128685497
2007-08-01,2024-05-31,2024-05-31,86.72,1.873715124816444
2007-09-01,2024-05-31,2024-05-31,87.054,2.534687050952855
2007-10-01,2024-05-31,2024-05-31,87.318,3.08847488843238
2007-11-01,2024-05-31,2024-05-31,87.781,3.5996270550330056
2007-12-01,2024-05-31,2024-05-31,87.984,3.471634208298058
2008-01-01,2024-05-31,2024-05-31,88.206,3.3874068170097082
2008-02-01,2024-05-31,2024-05-31,88.382,3.2729227281756534
2008-03-01,2024-05-31,2024-05-31,88.635,3.1911425710759778
2008-04-01,2024-05-31,2024-05-31,88.799,3.13951867682587
2008-05-01,2024-05-31,2024-05-31,89.18,3.282143932550441
2008-06-01,2024-05-31,2024-05-31,89.827,3.8114389395462744
2008-07-01,2024-05-31,2024-05-31,90.245,4.135655023597695
2008-08-01,2024-05-31,2024-05-31,90.172,3.9806273062730657
2008-09-01,2024-05-31,2024-05-31,90.247,3.6678383532060543
2008-10-01,2024-05-31,2024-05-31,89.651,2.6718431480336147
2008-11-01,2024-05-31,2024-05-31,88.593,0.9250293343662008
2008-12-01,2024-05-31,2024-05-31,88.098,0.12956901254774777
2009-01-01,2024-05-31,2024-05-31,88.108,-0.11110355304627673
2009-02-01,2024-05-31,2024-05-31,88.266,-0.13124844425335125
2009-03-01,2024-05-31,2024-05-31,88.169,-0.5257516782309568
2009-04-01,2024-05-31,2024-05-31,88.295,-0.5675739591662121
2009-05-01,2024-05-31,2024-05-31,88.387,-0.8892128279883504
2009-06-01,2024-05-31,2024-05-31,88.912,-1.018624689681269
2009-07-01,2024-05-31,2024-05-31,88.922,-1.4660091971854472
2009-08-01,2024-05-31,2024-05-31,89.18,-1.1001197711041022
2009-09-01,2024-05-31,2024-05-31,89.324,-1.0227486786264395
2009-10-01,2024-05-31,2024-05-31,89.663,0.013385238313023962
2009-11-01,2024-05-31,2024-05-31,89.887,1.4606120122357291
2009-12-01,2024-05-31,2024-05-31,89.939,2.089718268292118
2010-01-01,2024-05-31,2024-05-31,90.136,2.301720615608116
2010-02-01,2024-05-31,2024-05-31,90.134,2.1163301837627158
2010-03-01,2024-05-31,2024-05-31,90.261,2.3727160339801934
2010-04-01,2024-05-31,2024-05-31,90.31,2.282122430488709
2010-05-01,2024-05-31,2024-05-31,90.339,2.20846957131704
2010-06-01,2024-05-31,2024-05-31,90.301,1.5622188231059875
2010-07-01,2024-05-31,2024-05-31,90.378,1.6373900721981194
2010-08-01,2024-05-31,2024-05-31,90.502,1.4823951558645243
2010-09-01,2024-05-31,2024-05-31,90.592,1.419551296404098
2010-10-01,2024-05-31,2024-05-31,90.881,1.3584198610352205
2010-11-01,2024-05-31,2024-05-31,91.062,1.3071968137772894
2010-12-01,2024-05-31,2024-05-31,91.268,1.477668197333748
2011-01-01,2024-05-31,2024-05-31,91.542,1.5598650927487467
2011-02-01,2024-05-31,2024-05-31,91.797,1.8450307320212023
2011-03-01,2024-05-31,2024-05-31,92.166,2.1105460830258993
2011-04-01,2024-05-31,2024-05-31,92.557,2.488096556306063
2011-05-01,2024-05-31,2024-05-31,92.838,2.7662471357885243
2011-06-01,2024-05-31,2024-05-31,92.819,2.7884519551278464
2011-07-01,2024-05-31,2024-05-31,92.977,2.875699838456258
2011-08-01,2024-05-31,2024-05-31,93.196,2.9767297960266115
2011-09-01,2024-05-31,2024-05-31,93.327,3.0190303779583205
2011-10-01,2024-05-31,2024-05-31,93.329,2.693632332390705
2011-11-01,2024-05-31,2024-05-31,93.52,2.6992598449408156
2011-12-01,2024-05-31,2024-05-31,93.574,2.5266248849541872
2012-01-01,2024-05-31,2024-05-31,93.894,2.569312446745764
2012-02-01,2024-05-31,2024-05-31,94.104,2.5131540246413397
2012-03-01,2024-05-31,2024-05-31,94.284,2.2980274721697835
2012-04-01,2024-05-31,2024-05-31,94.408,1.9998487418563693
2012-05-01,2024-05-31,2024-05-31,94.302,1.5769404769598871
2012-06-01,2024-05-31,2024-05-31,94.254,1.5460196726963193
2012-07-01,2024-05-31,2024-05-31,94.288,1.4100261354958565
2012-08-01,2024-05-31,2024-05-31,94.605,1.51186746212284
2012-09-01,2024-05-31,2024-05-31,94.893,1.6779710051753494
2012-10-01,2024-05-31,2024-05-31,95.174,1.9768774978838444
2012-11-01,2024-05-31,2024-05-31,95.109,1.6991017964071764
2012-12-01,2024-05-31,2024-05-31,95.094,1.6243828413875505
2013-01-01,2024-05-31,2024-05-31,95.275,1.4708075063369241
2013-02-01,2024-05-31,2024-05-31,95.614,1.6046076681118793
2013-03-01,2024-05-31,2024-05-31,95.488,1.276992915022701
2013-04-01,2024-05-31,2024-05-31,95.391,1.0412253198881505
2013-05-01,2024-05-31,2024-05-31,95.461,1.2290301372187118
2013-06-01,2024-05-31,2024-05-31,95.673,1.5055063976064709
2013-07-01,2024-05-31,2024-05-31,95.792,1.5951128457492025
2013-08-01,2024-05-31,2024-05-31,95.934,1.4047883304264985
2013-09-01,2024-05-31,2024-05-31,95.976,1.1412854478201728
2013-10-01,2024-05-31,2024-05-31,96.103,0.9761069199571093
2013-11-01,2024-05-31,2024-05-31,96.246,1.1954704602088029
2013-12-01,2024-05-31,2024-05-31,96.414,1.3881001955959427
2014-01-01,2024-05-31,2024-05-31,96.614,1.4054054054054133
2014-02-01,2024-05-31,2024-05-31,96.66,1.0939820528374389
2014-03-01,2024-05-31,2024-05-31,96.815,1.38970341823057
2014-04-01,2024-05-31,2024-05-31,96.987,1.6731138157687786
2014-05-01,2024-05-31,2024-05-31,97.147,1.7661662878033946
2014-06-01,2024-05-31,2024-05-31,97.253,1.6514586142380772
2014-07-01,2024-05-31,2024-05-31,97.391,1.6692416903290486
2014-08-01,2024-05-31,2024-05-31,97.379,1.5062438759980923
2014-09-01,2024-05-31,2024-05-31,97.413,1.4972493123280861
2014-10-01,2024-05-31,2024-05-31,97.384,1.3329448612426242
2014-11-01,2024-05-31,2024-05-31,97.291,1.0857594081832067
2014-12-01,2024-05-31,2024-05-31,97.12,0.7322588005891362
2015-01-01,2024-05-31,2024-05-31,96.654,0.04140186722421113
2015-02-01,2024-05-31,2024-05-31,96.825,0.1707014276846719
2015-03-01,2024-05-31,2024-05-31,97.008,0.19934927438929329
2015-04-01,2024-05-31,2024-05-31,97.094,0.11032406404982709
2015-05-01,2024-05-31,2024-05-31,97.327,0.18528621573490334
2015-06-01,2024-05-31,2024-05-31,97.516,0.27042867572208973
2015-07-01,2024-05-31,2024-05-31,97.605,0.2197328295222345
2015-08-01,2024-05-31,2024-05-31,97.612,0.23927130079379744
2015-09-01,2024-05-31,2024-05-31,97.477,0.06569964994405098
2015-10-01,2024-05-31,2024-05-31,97.477,0.09549823379610967
2015-11-01,2024-05-31,2024-05-31,97.538,0.2538775426298434
2015-12-01,2024-05-31,2024-05-31,97.456,0.34596375617792496
2016-01-01,2024-05-31,2024-05-31,97.496,0.8711486332691809
2016-02-01,2024-05-31,2024-05-31,97.445,0.640330493157748
2016-03-01,2024-05-31,2024-05-31,97.673,0.6855104733630268
2016-04-01,2024-05-31,2024-05-31,97.993,0.9259068531526138
2016-05-01,2024-05-31,2024-05-31,98.153,0.8486853596638255
2016-06-01,2024-05-31,2024-05-31,98.325,0.8296074490339977
2016-07-01,2024-05-31,2024-05-31,98.342,0.7550842682239489
2016-08-01,2024-05-31,2024-05-31,98.479,0.8882104659263312
2016-09-01,2024-05-31,2024-05-31,98.666,1.2197749212634612
2016-10-01,2024-05-31,2024-05-31,98.868,1.4270032930845167
2016-11-01,2024-05-31,2024-05-31,98.901,1.3974040886628902
2016-12-01,2024-05-31,2024-05-31,99.071,1.6571581021178838
2017-01-01,2024-05-31,2024-05-31,99.451,2.0052104701731244
2017-02-01,2024-05-31,2024-05-31,99.586,2.1971368464261953
2017-03-01,2024-05-31,2024-05-31,99.535,1.9063610209576698
2017-04-01,2024-05-31,2024-05-31,99.725,1.76747318686028
2017-05-01,2024-05-31,2024-05-31,99.682,1.557772049759043
2017-06-01,2024-05-31,2024-05-31,99.766,1.4655479277905004
2017-07-01,2024-05-31,2024-05-31,99.803,1.4856317748266346
2017-08-01,2024-05-31,2024-05-31,100.027,1.5719087318108338
2017-09-01,2024-05-31,2024-05-31,100.4,1.757444307056133
2017-10-01,2024-05-31,2024-05-31,100.531,1.6820407007323013
2017-11-01,2024-05-31,2024-05-31,100.675,1.7937129048240186
2017-12-01,2024-05-31,2024-05-31,100.821,1.7664099484208329
2018-01-01,2024-05-31,2024-05-31,101.199,1.7576494957315614
2018-02-01,2024-05-31,2024-05-31,101.416,1.8376076958608545
2018-03-01,2024-05-31,2024-05-31,101.524,1.998292058070028
2018-04-01,2024-05-31,2024-05-31,101.766,2.0466282276259795
2018-05-01,2024-05-31,2024-05-31,101.941,2.2662065367869744
2018-06-01,2024-05-31,2024-05-31,102.029,2.268307840346395
2018-07-01,2024-05-31,2024-05-31,102.137,2.3386070559001215
2018-08-01,2024-05-31,2024-05-31,102.208,2.180411288951989
2018-09-01,2024-05-31,2024-05-31,102.418,2.009960159362545
2018-10-01,2024-05-31,2024-05-31,102.595,2.053098049357893
2018-11-01,2024-05-31,2024-05-31,102.63,1.9418922274646144
2018-12-01,2024-05-31,2024-05-31,102.701,1.8646908878110713
2019-01-01,2024-05-31,2024-05-31,102.714,1.4970503661103418
2019-02-01,2024-05-31,2024-05-31,102.862,1.4258105229943974
2019-03-01,2024-05-31,2024-05-31,103.056,1.5090027973680975
2019-04-01,2024-05-31,2024-05-31,103.371,1.5771475738458607
2019-05-01,2024-05-31,2024-05-31,103.426,1.4567249683640426
2019-06-01,2024-05-31,2024-05-31,103.469,1.4113634358858818
2019-07-01,2024-05-31,2024-05-31,103.608,1.4402224463220925
2019-08-01,2024-05-31,2024-05-31,103.661,1.4216108328115151
2019-09-01,2024-05-31,2024-05-31,103.754,1.3044582007069039
2019-10-01,2024-05-31,2024-05-31,103.961,1.3314489010185726
2019-11-01,2024-05-31,2024-05-31,103.997,1.331969209782713
2019-12-01,2024-05-31,2024-05-31,104.282,1.539420258809554
2020-01-01,2024-05-31,2024-05-31,104.458,1.6979184921237511
2020-02-01,2024-05-31,2024-05-31,104.551,1.6420057941708421
2020-03-01,2024-05-31,2024-05-31,104.238,1.1469492314857943
2020-04-01,2024-05-31,2024-05-31,103.796,0.4111404552534115
2020-05-01,2024-05-31,2024-05-31,103.89,0.44862993831338294
2020-06-01,2024-05-31,2024-05-31,104.199,0.7055253264262706
2020-07-01,2024-05-31,2024-05-31,104.541,0.9005096131572854
2020-08-01,2024-05-31,2024-05-31,104.869,1.1653370119909967
2020-09-01,2024-05-31,2024-05-31,105.048,1.2471808315823951
2020-10-01,2024-05-31,2024-05-31,105.124,1.1186887390463696
2020-11-01,2024-05-31,2024-05-31,105.197,1.1538794388299634
2020-12-01,2024-05-31,2024-05-31,105.707,1.3664870255652994
2021-01-01,2024-05-31,2024-05-31,106.145,1.615003159164452
2021-02-01,2024-05-31,2024-05-31,106.522,1.885204350030123
2021-03-01,2024-05-31,2024-05-31,107.066,2.713022122450548
2021-04-01,2024-05-31,2024-05-31,107.662,3.724613665266485
2021-05-01,2024-05-31,2024-05-31,108.207,4.155356627201834
2021-06-01,2024-05-31,2024-05-31,108.755,4.3724028061689735
2021-07-01,2024-05-31,2024-05-31,109.28,4.533149673333914
2021-08-01,2024-05-31,2024-05-31,109.74,4.644842613165001
2021-09-01,2024-05-31,2024-05-31,110.096,4.805422283146754
2021-10-01,2024-05-31,2024-05-31,110.808,5.406947985236488
2021-11-01,2024-05-31,2024-05-31,111.494,5.985912145783612
2021-12-01,2024-05-31,2024-05-31,112.24,6.180290803825672
2022-01-01,2024-05-31,2024-05-31,112.829,6.297046493004843
2022-02-01,2024-05-31,2024-05-31,113.496,6.547004374683163
2022-03-01,2024-05-31,2024-05-31,114.446,6.892944538882562
2022-04-01,2024-05-31,2024-05-31,114.789,6.619791569913236
2022-05-01,2024-05-31,2024-05-31,115.446,6.68995536333139
2022-06-01,2024-05-31,2024-05-31,116.495,7.116914164865995
2022-07-01,2024-05-31,2024-05-31,116.511,6.616947291361641
2022-08-01,2024-05-31,2024-05-31,116.89,6.515400036449792
2022-09-01,2024-05-31,2024-05-31,117.314,6.556096497602093
2022-10-01,2024-05-31,2024-05-31,117.842,6.347917117897617
2022-11-01,2024-05-31,2024-05-31,118.104,5.928570147272505
2022-12-01,2024-05-31,2024-05-31,118.348,5.441910192444754
2023-01-01,2024-05-31,2024-05-31,119.011,5.47908782316604
2023-02-01,2024-05-31,2024-05-31,119.386,5.189610206527107
2023-03-01,2024-05-31,2024-05-31,119.53,4.442269716722302
2023-04-01,2024-05-31,2024-05-31,119.893,4.44641908196779
2023-05-01,2024-05-31,2024-05-31,120.02,3.9620255357483147
2023-06-01,2024-05-31,2024-05-31,120.221,3.19842053307009
2023-07-01,2024-05-31,2024-05-31,120.373,3.314708482460893
2023-08-01,2024-05-31,2024-05-31,120.803,3.3475917529301125
2023-09-01,2024-05-31,2024-05-31,121.267,3.369589307329046
2023-10-01,2024-05-31,2024-05-31,121.309,2.942074981755227
2023-11-01,2024-05-31,2024-05-31,121.296,2.7027027027027195
2023-12-01,2024-05-31,2024-05-31,121.448,2.6193936526176964
2024-01-01,2024-05-31,2024-05-31,121.934,2.456075488820364
2024-02-01,2024-05-31,2024-05-31,122.347,2.480190307071184
2024-03-01,2024-05-31,2024-05-31,122.761,2.703087091106826
2024-04-01,2024-05-31,2024-05-31,123.076,2.6548672566371723
