date,realtime_start_x,realtime_end_x,value_x,realtime_start_y,realtime_end_y,value_y,realtime_start,realtime_end,value
1959-01-01,2024-05-29,2024-05-29,29.01,2024-05-23,2024-05-23,31.7,2024-05-31,2024-05-31,306.1
1959-02-01,2024-05-29,2024-05-29,29.0,2024-05-23,2024-05-23,31.7,2024-05-31,2024-05-31,309.6
1959-03-01,2024-05-29,2024-05-29,28.97,2024-05-23,2024-05-23,31.7,2024-05-31,2024-05-31,312.7
1959-04-01,2024-05-29,2024-05-29,28.98,2024-05-23,2024-05-23,31.8,2024-05-31,2024-05-31,312.2
1959-05-01,2024-05-29,2024-05-29,29.04,2024-05-23,2024-05-23,31.8,2024-05-31,2024-05-31,316.1
1959-06-01,2024-05-29,2024-05-29,29.11,2024-05-23,2024-05-23,31.7,2024-05-31,2024-05-31,318.2
1959-07-01,2024-05-29,2024-05-29,29.15,2024-05-23,2024-05-23,31.7,2024-05-31,2024-05-31,317.8
1959-08-01,2024-05-29,2024-05-29,29.18,2024-05-23,2024-05-23,31.6,2024-05-31,2024-05-31,320.2
1959-09-01,2024-05-29,2024-05-29,29.25,2024-05-23,2024-05-23,31.7,2024-05-31,2024-05-31,324.2
1959-10-01,2024-05-29,2024-05-29,29.35,2024-05-23,2024-05-23,31.6,2024-05-31,2024-05-31,322.8
1959-11-01,2024-05-29,2024-05-29,29.35,2024-05-23,2024-05-23,31.5,2024-05-31,2024-05-31,322.9
1959-12-01,2024-05-29,2024-05-29,29.41,2024-05-23,2024-05-23,31.5,2024-05-31,2024-05-31,322.9
1960-01-01,2024-05-29,2024-05-29,29.37,2024-05-23,2024-05-23,31.6,2024-05-31,2024-05-31,323.6
1960-02-01,2024-05-29,2024-05-29,29.41,2024-05-23,2024-05-23,31.6,2024-05-31,2024-05-31,325.3
1960-03-01,2024-05-29,2024-05-29,29.41,2024-05-23,2024-05-23,31.8,2024-05-31,2024-05-31,330.2
1960-04-01,2024-05-29,2024-05-29,29.54,2024-05-23,2024-05-23,31.8,2024-05-31,2024-05-31,336.5
1960-05-01,2024-05-29,2024-05-29,29.57,2024-05-23,2024-05-23,31.7,2024-05-31,2024-05-31,330.0
1960-06-01,2024-05-29,2024-05-29,29.61,2024-05-23,2024-05-23,31.7,2024-05-31,2024-05-31,330.1
1960-07-01,2024-05-29,2024-05-29,29.55,2024-05-23,2024-05-23,31.7,2024-05-31,2024-05-31,331.4
1960-08-01,2024-05-29,2024-05-29,29.61,2024-05-23,2024-05-23,31.6,2024-05-31,2024-05-31,331.6
1960-09-01,2024-05-29,2024-05-29,29.61,2024-05-23,2024-05-23,31.6,2024-05-31,2024-05-31,333.4
1960-10-01,2024-05-29,2024-05-29,29.75,2024-05-23,2024-05-23,31.7,2024-05-31,2024-05-31,335.4
1960-11-01,2024-05-29,2024-05-29,29.78,2024-05-23,2024-05-23,31.7,2024-05-31,2024-05-31,335.4
1960-12-01,2024-05-29,2024-05-29,29.81,2024-05-23,2024-05-23,31.7,2024-05-31,2024-05-31,331.3
1961-01-01,2024-05-29,2024-05-29,29.84,2024-05-23,2024-05-23,31.8,2024-05-31,2024-05-31,332.2
1961-02-01,2024-05-29,2024-05-29,29.84,2024-05-23,2024-05-23,31.8,2024-05-31,2024-05-31,333.7
1961-03-01,2024-05-29,2024-05-29,29.84,2024-05-23,2024-05-23,31.8,2024-05-31,2024-05-31,337.7
1961-04-01,2024-05-29,2024-05-29,29.81,2024-05-23,2024-05-23,31.6,2024-05-31,2024-05-31,337.6
1961-05-01,2024-05-29,2024-05-29,29.84,2024-05-23,2024-05-23,31.5,2024-05-31,2024-05-31,339.9
1961-06-01,2024-05-29,2024-05-29,29.84,2024-05-23,2024-05-23,31.3,2024-05-31,2024-05-31,340.9
1961-07-01,2024-05-29,2024-05-29,29.92,2024-05-23,2024-05-23,31.5,2024-05-31,2024-05-31,340.6
1961-08-01,2024-05-29,2024-05-29,29.94,2024-05-23,2024-05-23,31.5,2024-05-31,2024-05-31,342.1
1961-09-01,2024-05-29,2024-05-29,29.98,2024-05-23,2024-05-23,31.5,2024-05-31,2024-05-31,344.4
1961-10-01,2024-05-29,2024-05-29,29.98,2024-05-23,2024-05-23,31.5,2024-05-31,2024-05-31,346.5
1961-11-01,2024-05-29,2024-05-29,29.98,2024-05-23,2024-05-23,31.5,2024-05-31,2024-05-31,349.9
1961-12-01,2024-05-29,2024-05-29,30.01,2024-05-23,2024-05-23,31.6,2024-05-31,2024-05-31,352.4
1962-01-01,2024-05-29,2024-05-29,30.04,2024-05-23,2024-05-23,31.7,2024-05-31,2024-05-31,353.2
1962-02-01,2024-05-29,2024-05-29,30.11,2024-05-23,2024-05-23,31.7,2024-05-31,2024-05-31,354.0
1962-03-01,2024-05-29,2024-05-29,30.17,2024-05-23,2024-05-23,31.7,2024-05-31,2024-05-31,357.4
1962-04-01,2024-05-29,2024-05-29,30.21,2024-05-23,2024-05-23,31.6,2024-05-31,2024-05-31,359.0
1962-05-01,2024-05-29,2024-05-29,30.24,2024-05-23,2024-05-23,31.5,2024-05-31,2024-05-31,362.0
1962-06-01,2024-05-29,2024-05-29,30.21,2024-05-23,2024-05-23,31.5,2024-05-31,2024-05-31,360.4
1962-07-01,2024-05-29,2024-05-29,30.22,2024-05-23,2024-05-23,31.6,2024-05-31,2024-05-31,361.4
1962-08-01,2024-05-29,2024-05-29,30.28,2024-05-23,2024-05-23,31.6,2024-05-31,2024-05-31,362.9
1962-09-01,2024-05-29,2024-05-29,30.42,2024-05-23,2024-05-23,31.9,2024-05-31,2024-05-31,368.8
1962-10-01,2024-05-29,2024-05-29,30.38,2024-05-23,2024-05-23,31.7,2024-05-31,2024-05-31,366.5
1962-11-01,2024-05-29,2024-05-29,30.38,2024-05-23,2024-05-23,31.7,2024-05-31,2024-05-31,371.7
1962-12-01,2024-05-29,2024-05-29,30.38,2024-05-23,2024-05-23,31.6,2024-05-31,2024-05-31,373.6
1963-01-01,2024-05-29,2024-05-29,30.44,2024-05-23,2024-05-23,31.6,2024-05-31,2024-05-31,374.4
1963-02-01,2024-05-29,2024-05-29,30.48,2024-05-23,2024-05-23,31.5,2024-05-31,2024-05-31,373.4
1963-03-01,2024-05-29,2024-05-29,30.51,2024-05-23,2024-05-23,31.5,2024-05-31,2024-05-31,375.0
1963-04-01,2024-05-29,2024-05-29,30.48,2024-05-23,2024-05-23,31.4,2024-05-31,2024-05-31,376.4
1963-05-01,2024-05-29,2024-05-29,30.51,2024-05-23,2024-05-23,31.5,2024-05-31,2024-05-31,377.2
1963-06-01,2024-05-29,2024-05-29,30.61,2024-05-23,2024-05-23,31.6,2024-05-31,2024-05-31,381.7
1963-07-01,2024-05-29,2024-05-29,30.69,2024-05-23,2024-05-23,31.7,2024-05-31,2024-05-31,384.4
1963-08-01,2024-05-29,2024-05-29,30.75,2024-05-23,2024-05-23,31.6,2024-05-31,2024-05-31,386.3
1963-09-01,2024-05-29,2024-05-29,30.72,2024-05-23,2024-05-23,31.6,2024-05-31,2024-05-31,385.5
1963-10-01,2024-05-29,2024-05-29,30.75,2024-05-23,2024-05-23,31.6,2024-05-31,2024-05-31,386.0
1963-11-01,2024-05-29,2024-05-29,30.78,2024-05-23,2024-05-23,31.7,2024-05-31,2024-05-31,389.4
1963-12-01,2024-05-29,2024-05-29,30.88,2024-05-23,2024-05-23,31.6,2024-05-31,2024-05-31,394.7
1964-01-01,2024-05-29,2024-05-29,30.94,2024-05-23,2024-05-23,31.8,2024-05-31,2024-05-31,396.8
1964-02-01,2024-05-29,2024-05-29,30.91,2024-05-23,2024-05-23,31.6,2024-05-31,2024-05-31,400.2
1964-03-01,2024-05-29,2024-05-29,30.94,2024-05-23,2024-05-23,31.6,2024-05-31,2024-05-31,401.8
1964-04-01,2024-05-29,2024-05-29,30.95,2024-05-23,2024-05-23,31.6,2024-05-31,2024-05-31,402.8
1964-05-01,2024-05-29,2024-05-29,30.98,2024-05-23,2024-05-23,31.5,2024-05-31,2024-05-31,408.4
1964-06-01,2024-05-29,2024-05-29,31.01,2024-05-23,2024-05-23,31.5,2024-05-31,2024-05-31,411.4
1964-07-01,2024-05-29,2024-05-29,31.02,2024-05-23,2024-05-23,31.6,2024-05-31,2024-05-31,414.9
1964-08-01,2024-05-29,2024-05-29,31.05,2024-05-23,2024-05-23,31.6,2024-05-31,2024-05-31,417.7
1964-09-01,2024-05-29,2024-05-29,31.08,2024-05-23,2024-05-23,31.7,2024-05-31,2024-05-31,416.6
1964-10-01,2024-05-29,2024-05-29,31.12,2024-05-23,2024-05-23,31.7,2024-05-31,2024-05-31,419.6
1964-11-01,2024-05-29,2024-05-29,31.21,2024-05-23,2024-05-23,31.7,2024-05-31,2024-05-31,416.4
1964-12-01,2024-05-29,2024-05-29,31.25,2024-05-23,2024-05-23,31.7,2024-05-31,2024-05-31,421.0
1965-01-01,2024-05-29,2024-05-29,31.28,2024-05-23,2024-05-23,31.8,2024-05-31,2024-05-31,424.4
1965-02-01,2024-05-29,2024-05-29,31.28,2024-05-23,2024-05-23,31.9,2024-05-31,2024-05-31,431.4
1965-03-01,2024-05-29,2024-05-29,31.31,2024-05-23,2024-05-23,31.9,2024-05-31,2024-05-31,433.3
1965-04-01,2024-05-29,2024-05-29,31.38,2024-05-23,2024-05-23,32.0,2024-05-31,2024-05-31,437.1
1965-05-01,2024-05-29,2024-05-29,31.48,2024-05-23,2024-05-23,32.1,2024-05-31,2024-05-31,437.6
1965-06-01,2024-05-29,2024-05-29,31.61,2024-05-23,2024-05-23,32.4,2024-05-31,2024-05-31,435.2
1965-07-01,2024-05-29,2024-05-29,31.58,2024-05-23,2024-05-23,32.4,2024-05-31,2024-05-31,441.0
1965-08-01,2024-05-29,2024-05-29,31.55,2024-05-23,2024-05-23,32.4,2024-05-31,2024-05-31,444.4
1965-09-01,2024-05-29,2024-05-29,31.62,2024-05-23,2024-05-23,32.4,2024-05-31,2024-05-31,452.0
1965-10-01,2024-05-29,2024-05-29,31.65,2024-05-23,2024-05-23,32.5,2024-05-31,2024-05-31,458.5
1965-11-01,2024-05-29,2024-05-29,31.75,2024-05-23,2024-05-23,32.6,2024-05-31,2024-05-31,459.1
1965-12-01,2024-05-29,2024-05-29,31.85,2024-05-23,2024-05-23,32.8,2024-05-31,2024-05-31,461.7
1966-01-01,2024-05-29,2024-05-29,31.88,2024-05-23,2024-05-23,32.9,2024-05-31,2024-05-31,465.2
1966-02-01,2024-05-29,2024-05-29,32.08,2024-05-23,2024-05-23,33.2,2024-05-31,2024-05-31,470.2
1966-03-01,2024-05-29,2024-05-29,32.18,2024-05-23,2024-05-23,33.2,2024-05-31,2024-05-31,475.0
1966-04-01,2024-05-29,2024-05-29,32.28,2024-05-23,2024-05-23,33.2,2024-05-31,2024-05-31,476.9
1966-05-01,2024-05-29,2024-05-29,32.35,2024-05-23,2024-05-23,33.2,2024-05-31,2024-05-31,473.1
1966-06-01,2024-05-29,2024-05-29,32.38,2024-05-23,2024-05-23,33.3,2024-05-31,2024-05-31,475.5
1966-07-01,2024-05-29,2024-05-29,32.45,2024-05-23,2024-05-23,33.5,2024-05-31,2024-05-31,480.6
1966-08-01,2024-05-29,2024-05-29,32.65,2024-05-23,2024-05-23,33.6,2024-05-31,2024-05-31,483.2
1966-09-01,2024-05-29,2024-05-29,32.75,2024-05-23,2024-05-23,33.6,2024-05-31,2024-05-31,489.2
1966-10-01,2024-05-29,2024-05-29,32.85,2024-05-23,2024-05-23,33.4,2024-05-31,2024-05-31,488.3
1966-11-01,2024-05-29,2024-05-29,32.88,2024-05-23,2024-05-23,33.3,2024-05-31,2024-05-31,490.1
1966-12-01,2024-05-29,2024-05-29,32.92,2024-05-23,2024-05-23,33.3,2024-05-31,2024-05-31,491.8
1967-01-01,2024-05-29,2024-05-29,32.9,2024-05-23,2024-05-23,33.4,2024-05-31,2024-05-31,494.2
1967-02-01,2024-05-29,2024-05-29,33.0,2024-05-23,2024-05-23,33.4,2024-05-31,2024-05-31,493.0
1967-03-01,2024-05-29,2024-05-29,33.0,2024-05-23,2024-05-23,33.3,2024-05-31,2024-05-31,495.8
1967-04-01,2024-05-29,2024-05-29,33.1,2024-05-23,2024-05-23,33.1,2024-05-31,2024-05-31,501.3
1967-05-01,2024-05-29,2024-05-29,33.1,2024-05-23,2024-05-23,33.3,2024-05-31,2024-05-31,502.2
1967-06-01,2024-05-29,2024-05-29,33.3,2024-05-23,2024-05-23,33.5,2024-05-31,2024-05-31,506.8
1967-07-01,2024-05-29,2024-05-29,33.4,2024-05-23,2024-05-23,33.5,2024-05-31,2024-05-31,506.7
1967-08-01,2024-05-29,2024-05-29,33.5,2024-05-23,2024-05-23,33.4,2024-05-31,2024-05-31,509.8
1967-09-01,2024-05-29,2024-05-29,33.6,2024-05-23,2024-05-23,33.4,2024-05-31,2024-05-31,515.6
1967-10-01,2024-05-29,2024-05-29,33.7,2024-05-23,2024-05-23,33.4,2024-05-31,2024-05-31,512.2
1967-11-01,2024-05-29,2024-05-29,33.9,2024-05-23,2024-05-23,33.4,2024-05-31,2024-05-31,517.4
1967-12-01,2024-05-29,2024-05-29,34.0,2024-05-23,2024-05-23,33.7,2024-05-31,2024-05-31,525.1
1968-01-01,2024-05-29,2024-05-29,34.1,2024-05-23,2024-05-23,33.8,2024-05-31,2024-05-31,530.9
1968-02-01,2024-05-29,2024-05-29,34.2,2024-05-23,2024-05-23,34.0,2024-05-31,2024-05-31,533.6
1968-03-01,2024-05-29,2024-05-29,34.3,2024-05-23,2024-05-23,34.1,2024-05-31,2024-05-31,544.3
1968-04-01,2024-05-29,2024-05-29,34.4,2024-05-23,2024-05-23,34.1,2024-05-31,2024-05-31,544.0
1968-05-01,2024-05-29,2024-05-29,34.5,2024-05-23,2024-05-23,34.2,2024-05-31,2024-05-31,549.8
1968-06-01,2024-05-29,2024-05-29,34.7,2024-05-23,2024-05-23,34.2,2024-05-31,2024-05-31,556.3
1968-07-01,2024-05-29,2024-05-29,34.9,2024-05-23,2024-05-23,34.3,2024-05-31,2024-05-31,563.2
1968-08-01,2024-05-29,2024-05-29,35.0,2024-05-23,2024-05-23,34.2,2024-05-31,2024-05-31,567.0
1968-09-01,2024-05-29,2024-05-29,35.1,2024-05-23,2024-05-23,34.4,2024-05-31,2024-05-31,568.2
1968-10-01,2024-05-29,2024-05-29,35.3,2024-05-23,2024-05-23,34.4,2024-05-31,2024-05-31,571.6
1968-11-01,2024-05-29,2024-05-29,35.4,2024-05-23,2024-05-23,34.5,2024-05-31,2024-05-31,576.7
1968-12-01,2024-05-29,2024-05-29,35.6,2024-05-23,2024-05-23,34.6,2024-05-31,2024-05-31,576.5
1969-01-01,2024-05-29,2024-05-29,35.7,2024-05-23,2024-05-23,34.8,2024-05-31,2024-05-31,583.5
1969-02-01,2024-05-29,2024-05-29,35.8,2024-05-23,2024-05-23,35.0,2024-05-31,2024-05-31,588.7
1969-03-01,2024-05-29,2024-05-29,36.1,2024-05-23,2024-05-23,35.2,2024-05-31,2024-05-31,588.9
1969-04-01,2024-05-29,2024-05-29,36.3,2024-05-23,2024-05-23,35.3,2024-05-31,2024-05-31,593.9
1969-05-01,2024-05-29,2024-05-29,36.4,2024-05-23,2024-05-23,35.5,2024-05-31,2024-05-31,600.3
1969-06-01,2024-05-29,2024-05-29,36.6,2024-05-23,2024-05-23,35.7,2024-05-31,2024-05-31,600.9
1969-07-01,2024-05-29,2024-05-29,36.8,2024-05-23,2024-05-23,35.8,2024-05-31,2024-05-31,602.7
1969-08-01,2024-05-29,2024-05-29,36.9,2024-05-23,2024-05-23,35.7,2024-05-31,2024-05-31,609.9
1969-09-01,2024-05-29,2024-05-29,37.1,2024-05-23,2024-05-23,35.8,2024-05-31,2024-05-31,613.2
1969-10-01,2024-05-29,2024-05-29,37.3,2024-05-23,2024-05-23,35.9,2024-05-31,2024-05-31,618.5
1969-11-01,2024-05-29,2024-05-29,37.5,2024-05-23,2024-05-23,36.1,2024-05-31,2024-05-31,620.5
1969-12-01,2024-05-29,2024-05-29,37.7,2024-05-23,2024-05-23,36.3,2024-05-31,2024-05-31,622.8
1970-01-01,2024-05-29,2024-05-29,37.9,2024-05-23,2024-05-23,36.5,2024-05-31,2024-05-31,628.7
1970-02-01,2024-05-29,2024-05-29,38.1,2024-05-23,2024-05-23,36.7,2024-05-31,2024-05-31,634.0
1970-03-01,2024-05-29,2024-05-29,38.3,2024-05-23,2024-05-23,36.7,2024-05-31,2024-05-31,632.3
1970-04-01,2024-05-29,2024-05-29,38.5,2024-05-23,2024-05-23,36.8,2024-05-31,2024-05-31,636.0
1970-05-01,2024-05-29,2024-05-29,38.6,2024-05-23,2024-05-23,36.8,2024-05-31,2024-05-31,642.4
1970-06-01,2024-05-29,2024-05-29,38.8,2024-05-23,2024-05-23,36.9,2024-05-31,2024-05-31,646.3
1970-07-01,2024-05-29,2024-05-29,38.9,2024-05-23,2024-05-23,37.1,2024-05-31,2024-05-31,648.5
1970-08-01,2024-05-29,2024-05-29,39.0,2024-05-23,2024-05-23,36.9,2024-05-31,2024-05-31,652.9
1970-09-01,2024-05-29,2024-05-29,39.2,2024-05-23,2024-05-23,37.1,2024-05-31,2024-05-31,659.1
1970-10-01,2024-05-29,2024-05-29,39.4,2024-05-23,2024-05-23,37.1,2024-05-31,2024-05-31,658.3
1970-11-01,2024-05-29,2024-05-29,39.6,2024-05-23,2024-05-23,37.1,2024-05-31,2024-05-31,656.6
1970-12-01,2024-05-29,2024-05-29,39.8,2024-05-23,2024-05-23,37.1,2024-05-31,2024-05-31,665.6
1971-01-01,2024-05-29,2024-05-29,39.9,2024-05-23,2024-05-23,37.3,2024-05-31,2024-05-31,676.1
1971-02-01,2024-05-29,2024-05-29,39.9,2024-05-23,2024-05-23,37.7,2024-05-31,2024-05-31,679.4
1971-03-01,2024-05-29,2024-05-29,40.0,2024-05-23,2024-05-23,37.8,2024-05-31,2024-05-31,682.0
1971-04-01,2024-05-29,2024-05-29,40.1,2024-05-23,2024-05-23,37.9,2024-05-31,2024-05-31,688.8
1971-05-01,2024-05-29,2024-05-29,40.3,2024-05-23,2024-05-23,38.1,2024-05-31,2024-05-31,691.1
1971-06-01,2024-05-29,2024-05-29,40.5,2024-05-23,2024-05-23,38.2,2024-05-31,2024-05-31,699.8
1971-07-01,2024-05-29,2024-05-29,40.6,2024-05-23,2024-05-23,38.3,2024-05-31,2024-05-31,698.9
1971-08-01,2024-05-29,2024-05-29,40.7,2024-05-23,2024-05-23,38.5,2024-05-31,2024-05-31,704.9
1971-09-01,2024-05-29,2024-05-29,40.8,2024-05-23,2024-05-23,38.3,2024-05-31,2024-05-31,713.0
1971-10-01,2024-05-29,2024-05-29,40.9,2024-05-23,2024-05-23,38.3,2024-05-31,2024-05-31,715.8
1971-11-01,2024-05-29,2024-05-29,41.0,2024-05-23,2024-05-23,38.3,2024-05-31,2024-05-31,720.9
1971-12-01,2024-05-29,2024-05-29,41.1,2024-05-23,2024-05-23,38.6,2024-05-31,2024-05-31,728.4
1972-01-01,2024-05-29,2024-05-29,41.2,2024-05-23,2024-05-23,38.8,2024-05-31,2024-05-31,731.5
1972-02-01,2024-05-29,2024-05-29,41.4,2024-05-23,2024-05-23,39.2,2024-05-31,2024-05-31,736.2
1972-03-01,2024-05-29,2024-05-29,41.4,2024-05-23,2024-05-23,39.2,2024-05-31,2024-05-31,749.2
1972-04-01,2024-05-29,2024-05-29,41.5,2024-05-23,2024-05-23,39.3,2024-05-31,2024-05-31,752.5
1972-05-01,2024-05-29,2024-05-29,41.6,2024-05-23,2024-05-23,39.5,2024-05-31,2024-05-31,758.0
1972-06-01,2024-05-29,2024-05-29,41.7,2024-05-23,2024-05-23,39.7,2024-05-31,2024-05-31,761.6
1972-07-01,2024-05-29,2024-05-29,41.8,2024-05-23,2024-05-23,40.0,2024-05-31,2024-05-31,769.9
1972-08-01,2024-05-29,2024-05-29,41.9,2024-05-23,2024-05-23,40.1,2024-05-31,2024-05-31,776.3
1972-09-01,2024-05-29,2024-05-29,42.1,2024-05-23,2024-05-23,40.2,2024-05-31,2024-05-31,781.1
1972-10-01,2024-05-29,2024-05-29,42.2,2024-05-23,2024-05-23,40.1,2024-05-31,2024-05-31,794.9
1972-11-01,2024-05-29,2024-05-29,42.4,2024-05-23,2024-05-23,40.3,2024-05-31,2024-05-31,800.5
1972-12-01,2024-05-29,2024-05-29,42.5,2024-05-23,2024-05-23,41.1,2024-05-31,2024-05-31,806.1
1973-01-01,2024-05-29,2024-05-29,42.7,2024-05-23,2024-05-23,41.6,2024-05-31,2024-05-31,816.5
1973-02-01,2024-05-29,2024-05-29,43.0,2024-05-23,2024-05-23,42.4,2024-05-31,2024-05-31,825.8
1973-03-01,2024-05-29,2024-05-29,43.4,2024-05-23,2024-05-23,43.4,2024-05-31,2024-05-31,832.8
1973-04-01,2024-05-29,2024-05-29,43.7,2024-05-23,2024-05-23,43.6,2024-05-31,2024-05-31,835.7
1973-05-01,2024-05-29,2024-05-29,43.9,2024-05-23,2024-05-23,44.5,2024-05-31,2024-05-31,841.6
1973-06-01,2024-05-29,2024-05-29,44.2,2024-05-23,2024-05-23,45.5,2024-05-31,2024-05-31,844.3
1973-07-01,2024-05-29,2024-05-29,44.2,2024-05-23,2024-05-23,44.9,2024-05-31,2024-05-31,854.1
1973-08-01,2024-05-29,2024-05-29,45.0,2024-05-23,2024-05-23,47.5,2024-05-31,2024-05-31,853.3
1973-09-01,2024-05-29,2024-05-29,45.2,2024-05-23,2024-05-23,46.7,2024-05-31,2024-05-31,869.2
1973-10-01,2024-05-29,2024-05-29,45.6,2024-05-23,2024-05-23,46.3,2024-05-31,2024-05-31,868.2
1973-11-01,2024-05-29,2024-05-29,45.9,2024-05-23,2024-05-23,46.5,2024-05-31,2024-05-31,876.9
1973-12-01,2024-05-29,2024-05-29,46.3,2024-05-23,2024-05-23,47.4,2024-05-31,2024-05-31,876.6
1974-01-01,2024-05-29,2024-05-29,46.8,2024-05-23,2024-05-23,49.0,2024-05-31,2024-05-31,884.5
1974-02-01,2024-05-29,2024-05-29,47.3,2024-05-23,2024-05-23,50.0,2024-05-31,2024-05-31,889.7
1974-03-01,2024-05-29,2024-05-29,47.8,2024-05-23,2024-05-23,50.6,2024-05-31,2024-05-31,901.4
1974-04-01,2024-05-29,2024-05-29,48.1,2024-05-23,2024-05-23,51.0,2024-05-31,2024-05-31,910.8
1974-05-01,2024-05-29,2024-05-29,48.6,2024-05-23,2024-05-23,51.8,2024-05-31,2024-05-31,922.4
1974-06-01,2024-05-29,2024-05-29,49.0,2024-05-23,2024-05-23,52.0,2024-05-31,2024-05-31,928.0
1974-07-01,2024-05-29,2024-05-29,49.3,2024-05-23,2024-05-23,54.0,2024-05-31,2024-05-31,937.9
1974-08-01,2024-05-29,2024-05-29,49.9,2024-05-23,2024-05-23,55.9,2024-05-31,2024-05-31,954.8
1974-09-01,2024-05-29,2024-05-29,50.6,2024-05-23,2024-05-23,55.9,2024-05-31,2024-05-31,955.1
1974-10-01,2024-05-29,2024-05-29,51.0,2024-05-23,2024-05-23,56.9,2024-05-31,2024-05-31,959.2
1974-11-01,2024-05-29,2024-05-29,51.5,2024-05-23,2024-05-23,57.4,2024-05-31,2024-05-31,956.2
1974-12-01,2024-05-29,2024-05-29,51.9,2024-05-23,2024-05-23,57.3,2024-05-31,2024-05-31,961.8
1975-01-01,2024-05-29,2024-05-29,52.3,2024-05-23,2024-05-23,57.4,2024-05-31,2024-05-31,975.6
1975-02-01,2024-05-29,2024-05-29,52.6,2024-05-23,2024-05-23,57.2,2024-05-31,2024-05-31,989.4
1975-03-01,2024-05-29,2024-05-29,52.8,2024-05-23,2024-05-23,56.9,2024-05-31,2024-05-31,990.6
1975-04-01,2024-05-29,2024-05-29,53.0,2024-05-23,2024-05-23,57.5,2024-05-31,2024-05-31,995.0
1975-05-01,2024-05-29,2024-05-29,53.1,2024-05-23,2024-05-23,57.9,2024-05-31,2024-05-31,1018.9
1975-06-01,2024-05-29,2024-05-29,53.5,2024-05-23,2024-05-23,58.0,2024-05-31,2024-05-31,1026.8
1975-07-01,2024-05-29,2024-05-29,54.0,2024-05-23,2024-05-23,58.7,2024-05-31,2024-05-31,1039.8
1975-08-01,2024-05-29,2024-05-29,54.2,2024-05-23,2024-05-23,59.0,2024-05-31,2024-05-31,1047.0
1975-09-01,2024-05-29,2024-05-29,54.6,2024-05-23,2024-05-23,59.4,2024-05-31,2024-05-31,1054.8
1975-10-01,2024-05-29,2024-05-29,54.9,2024-05-23,2024-05-23,59.8,2024-05-31,2024-05-31,1060.9
1975-11-01,2024-05-29,2024-05-29,55.3,2024-05-23,2024-05-23,59.5,2024-05-31,2024-05-31,1075.8
1975-12-01,2024-05-29,2024-05-29,55.6,2024-05-23,2024-05-23,59.7,2024-05-31,2024-05-31,1092.1
1976-01-01,2024-05-29,2024-05-29,55.8,2024-05-23,2024-05-23,59.9,2024-05-31,2024-05-31,1107.1
1976-02-01,2024-05-29,2024-05-29,55.9,2024-05-23,2024-05-23,59.9,2024-05-31,2024-05-31,1107.7
1976-03-01,2024-05-29,2024-05-29,56.0,2024-05-23,2024-05-23,60.0,2024-05-31,2024-05-31,1114.9
1976-04-01,2024-05-29,2024-05-29,56.1,2024-05-23,2024-05-23,60.6,2024-05-31,2024-05-31,1125.4
1976-05-01,2024-05-29,2024-05-29,56.4,2024-05-23,2024-05-23,60.8,2024-05-31,2024-05-31,1122.7
1976-06-01,2024-05-29,2024-05-29,56.7,2024-05-23,2024-05-23,61.2,2024-05-31,2024-05-31,1140.5
1976-07-01,2024-05-29,2024-05-29,57.0,2024-05-23,2024-05-23,61.6,2024-05-31,2024-05-31,1149.6
1976-08-01,2024-05-29,2024-05-29,57.3,2024-05-23,2024-05-23,61.4,2024-05-31,2024-05-31,1158.0
1976-09-01,2024-05-29,2024-05-29,57.6,2024-05-23,2024-05-23,61.8,2024-05-31,2024-05-31,1168.8
1976-10-01,2024-05-29,2024-05-29,57.9,2024-05-23,2024-05-23,61.9,2024-05-31,2024-05-31,1176.8
1976-11-01,2024-05-29,2024-05-29,58.1,2024-05-23,2024-05-23,62.0,2024-05-31,2024-05-31,1189.0
1976-12-01,2024-05-29,2024-05-29,58.4,2024-05-23,2024-05-23,62.5,2024-05-31,2024-05-31,1211.5
1977-01-01,2024-05-29,2024-05-29,58.7,2024-05-23,2024-05-23,62.8,2024-05-31,2024-05-31,1215.0
1977-02-01,2024-05-29,2024-05-29,59.3,2024-05-23,2024-05-23,63.5,2024-05-31,2024-05-31,1231.3
1977-03-01,2024-05-29,2024-05-29,59.6,2024-05-23,2024-05-23,64.1,2024-05-31,2024-05-31,1238.3
1977-04-01,2024-05-29,2024-05-29,60.0,2024-05-23,2024-05-23,64.9,2024-05-31,2024-05-31,1247.3
1977-05-01,2024-05-29,2024-05-29,60.2,2024-05-23,2024-05-23,65.2,2024-05-31,2024-05-31,1257.1
1977-06-01,2024-05-29,2024-05-29,60.5,2024-05-23,2024-05-23,65.0,2024-05-31,2024-05-31,1263.6
1977-07-01,2024-05-29,2024-05-29,60.8,2024-05-23,2024-05-23,65.1,2024-05-31,2024-05-31,1280.5
1977-08-01,2024-05-29,2024-05-29,61.1,2024-05-23,2024-05-23,65.0,2024-05-31,2024-05-31,1285.7
1977-09-01,2024-05-29,2024-05-29,61.3,2024-05-23,2024-05-23,65.3,2024-05-31,2024-05-31,1294.5
1977-10-01,2024-05-29,2024-05-29,61.6,2024-05-23,2024-05-23,65.6,2024-05-31,2024-05-31,1311.4
1977-11-01,2024-05-29,2024-05-29,62.0,2024-05-23,2024-05-23,65.8,2024-05-31,2024-05-31,1327.0
1977-12-01,2024-05-29,2024-05-29,62.3,2024-05-23,2024-05-23,66.2,2024-05-31,2024-05-31,1336.0
1978-01-01,2024-05-29,2024-05-29,62.7,2024-05-23,2024-05-23,66.8,2024-05-31,2024-05-31,1329.5
1978-02-01,2024-05-29,2024-05-29,63.0,2024-05-23,2024-05-23,67.5,2024-05-31,2024-05-31,1355.1
1978-03-01,2024-05-29,2024-05-29,63.4,2024-05-23,2024-05-23,68.1,2024-05-31,2024-05-31,1377.5
1978-04-01,2024-05-29,2024-05-29,63.9,2024-05-23,2024-05-23,69.0,2024-05-31,2024-05-31,1396.4
1978-05-01,2024-05-29,2024-05-29,64.5,2024-05-23,2024-05-23,69.5,2024-05-31,2024-05-31,1412.0
1978-06-01,2024-05-29,2024-05-29,65.0,2024-05-23,2024-05-23,70.0,2024-05-31,2024-05-31,1425.8
1978-07-01,2024-05-29,2024-05-29,65.5,2024-05-23,2024-05-23,70.4,2024-05-31,2024-05-31,1426.8
1978-08-01,2024-05-29,2024-05-29,65.9,2024-05-23,2024-05-23,70.4,2024-05-31,2024-05-31,1447.0
1978-09-01,2024-05-29,2024-05-29,66.5,2024-05-23,2024-05-23,71.0,2024-05-31,2024-05-31,1452.9
1978-10-01,2024-05-29,2024-05-29,67.1,2024-05-23,2024-05-23,71.8,2024-05-31,2024-05-31,1466.9
1978-11-01,2024-05-29,2024-05-29,67.5,2024-05-23,2024-05-23,72.1,2024-05-31,2024-05-31,1480.6
1978-12-01,2024-05-29,2024-05-29,67.9,2024-05-23,2024-05-23,72.7,2024-05-31,2024-05-31,1496.5
1979-01-01,2024-05-29,2024-05-29,68.5,2024-05-23,2024-05-23,73.8,2024-05-31,2024-05-31,1502.4
1979-02-01,2024-05-29,2024-05-29,69.2,2024-05-23,2024-05-23,74.9,2024-05-31,2024-05-31,1517.8
1979-03-01,2024-05-29,2024-05-29,69.9,2024-05-23,2024-05-23,75.8,2024-05-31,2024-05-31,1531.2
1979-04-01,2024-05-29,2024-05-29,70.6,2024-05-23,2024-05-23,76.9,2024-05-31,2024-05-31,1538.4
1979-05-01,2024-05-29,2024-05-29,71.4,2024-05-23,2024-05-23,77.5,2024-05-31,2024-05-31,1558.8
1979-06-01,2024-05-29,2024-05-29,72.2,2024-05-23,2024-05-23,78.0,2024-05-31,2024-05-31,1575.7
1979-07-01,2024-05-29,2024-05-29,73.0,2024-05-23,2024-05-23,79.2,2024-05-31,2024-05-31,1586.1
1979-08-01,2024-05-29,2024-05-29,73.7,2024-05-23,2024-05-23,79.6,2024-05-31,2024-05-31,1615.6
1979-09-01,2024-05-29,2024-05-29,74.4,2024-05-23,2024-05-23,80.9,2024-05-31,2024-05-31,1633.9
1979-10-01,2024-05-29,2024-05-29,75.2,2024-05-23,2024-05-23,82.1,2024-05-31,2024-05-31,1641.6
1979-11-01,2024-05-29,2024-05-29,76.0,2024-05-23,2024-05-23,82.6,2024-05-31,2024-05-31,1657.3
1979-12-01,2024-05-29,2024-05-29,76.9,2024-05-23,2024-05-23,83.4,2024-05-31,2024-05-31,1666.3
1980-01-01,2024-05-29,2024-05-29,78.0,2024-05-23,2024-05-23,85.2,2024-05-31,2024-05-31,1697.3
1980-02-01,2024-05-29,2024-05-29,79.0,2024-05-23,2024-05-23,86.9,2024-05-31,2024-05-31,1701.4
1980-03-01,2024-05-29,2024-05-29,80.1,2024-05-23,2024-05-23,87.5,2024-05-31,2024-05-31,1708.2
1980-04-01,2024-05-29,2024-05-29,80.9,2024-05-23,2024-05-23,87.8,2024-05-31,2024-05-31,1695.2
1980-05-01,2024-05-29,2024-05-29,81.7,2024-05-23,2024-05-23,88.3,2024-05-31,2024-05-31,1700.1
1980-06-01,2024-05-29,2024-05-29,82.5,2024-05-23,2024-05-23,88.7,2024-05-31,2024-05-31,1718.8
1980-07-01,2024-05-29,2024-05-29,82.6,2024-05-23,2024-05-23,90.3,2024-05-31,2024-05-31,1747.1
1980-08-01,2024-05-29,2024-05-29,83.2,2024-05-23,2024-05-23,91.5,2024-05-31,2024-05-31,1763.8
1980-09-01,2024-05-29,2024-05-29,83.9,2024-05-23,2024-05-23,91.7,2024-05-31,2024-05-31,1780.5
1980-10-01,2024-05-29,2024-05-29,84.7,2024-05-23,2024-05-23,92.8,2024-05-31,2024-05-31,1817.1
1980-11-01,2024-05-29,2024-05-29,85.6,2024-05-23,2024-05-23,93.2,2024-05-31,2024-05-31,1826.8
1980-12-01,2024-05-29,2024-05-29,86.4,2024-05-23,2024-05-23,93.8,2024-05-31,2024-05-31,1851.7
1981-01-01,2024-05-29,2024-05-29,87.2,2024-05-23,2024-05-23,95.2,2024-05-31,2024-05-31,1870.0
1981-02-01,2024-05-29,2024-05-29,88.0,2024-05-23,2024-05-23,96.1,2024-05-31,2024-05-31,1884.2
1981-03-01,2024-05-29,2024-05-29,88.6,2024-05-23,2024-05-23,97.0,2024-05-31,2024-05-31,1902.9
1981-04-01,2024-05-29,2024-05-29,89.1,2024-05-23,2024-05-23,98.0,2024-05-31,2024-05-31,1904.4
1981-05-01,2024-05-29,2024-05-29,89.7,2024-05-23,2024-05-23,98.3,2024-05-31,2024-05-31,1913.8
1981-06-01,2024-05-29,2024-05-29,90.5,2024-05-23,2024-05-23,98.5,2024-05-31,2024-05-31,1934.5
1981-07-01,2024-05-29,2024-05-29,91.5,2024-05-23,2024-05-23,99.0,2024-05-31,2024-05-31,1942.1
1981-08-01,2024-05-29,2024-05-29,92.2,2024-05-23,2024-05-23,99.0,2024-05-31,2024-05-31,1966.6
1981-09-01,2024-05-29,2024-05-29,93.1,2024-05-23,2024-05-23,98.8,2024-05-31,2024-05-31,1965.5
1981-10-01,2024-05-29,2024-05-29,93.4,2024-05-23,2024-05-23,98.9,2024-05-31,2024-05-31,1963.9
1981-11-01,2024-05-29,2024-05-29,93.8,2024-05-23,2024-05-23,98.8,2024-05-31,2024-05-31,1970.6
1981-12-01,2024-05-29,2024-05-29,94.1,2024-05-23,2024-05-23,98.8,2024-05-31,2024-05-31,1988.8
1982-01-01,2024-05-29,2024-05-29,94.4,2024-05-23,2024-05-23,99.7,2024-05-31,2024-05-31,1997.1
1982-02-01,2024-05-29,2024-05-29,94.7,2024-05-23,2024-05-23,99.8,2024-05-31,2024-05-31,2021.2
1982-03-01,2024-05-29,2024-05-29,94.7,2024-05-23,2024-05-23,99.6,2024-05-31,2024-05-31,2024.1
1982-04-01,2024-05-29,2024-05-29,95.0,2024-05-23,2024-05-23,99.6,2024-05-31,2024-05-31,2026.3
1982-05-01,2024-05-29,2024-05-29,95.9,2024-05-23,2024-05-23,99.8,2024-05-31,2024-05-31,2044.5
1982-06-01,2024-05-29,2024-05-29,97.0,2024-05-23,2024-05-23,100.0,2024-05-31,2024-05-31,2048.1
1982-07-01,2024-05-29,2024-05-29,97.5,2024-05-23,2024-05-23,100.4,2024-05-31,2024-05-31,2072.2
1982-08-01,2024-05-29,2024-05-29,97.7,2024-05-23,2024-05-23,100.3,2024-05-31,2024-05-31,2080.1
1982-09-01,2024-05-29,2024-05-29,97.7,2024-05-23,2024-05-23,100.0,2024-05-31,2024-05-31,2104.6
1982-10-01,2024-05-29,2024-05-29,98.1,2024-05-23,2024-05-23,100.2,2024-05-31,2024-05-31,2125.8
1982-11-01,2024-05-29,2024-05-29,98.0,2024-05-23,2024-05-23,100.3,2024-05-31,2024-05-31,2149.3
1982-12-01,2024-05-29,2024-05-29,97.7,2024-05-23,2024-05-23,100.5,2024-05-31,2024-05-31,2161.6
1983-01-01,2024-05-29,2024-05-29,97.9,2024-05-23,2024-05-23,100.2,2024-05-31,2024-05-31,2174.0
1983-02-01,2024-05-29,2024-05-29,98.0,2024-05-23,2024-05-23,100.5,2024-05-31,2024-05-31,2177.0
1983-03-01,2024-05-29,2024-05-29,98.1,2024-05-23,2024-05-23,100.4,2024-05-31,2024-05-31,2202.8
1983-04-01,2024-05-29,2024-05-29,98.8,2024-05-23,2024-05-23,100.4,2024-05-31,2024-05-31,2226.4
1983-05-01,2024-05-29,2024-05-29,99.2,2024-05-23,2024-05-23,100.8,2024-05-31,2024-05-31,2245.9
1983-06-01,2024-05-29,2024-05-29,99.4,2024-05-23,2024-05-23,101.0,2024-05-31,2024-05-31,2276.0
1983-07-01,2024-05-29,2024-05-29,99.8,2024-05-23,2024-05-23,101.3,2024-05-31,2024-05-31,2304.4
1983-08-01,2024-05-29,2024-05-29,100.1,2024-05-23,2024-05-23,101.8,2024-05-31,2024-05-31,2320.4
1983-09-01,2024-05-29,2024-05-29,100.4,2024-05-23,2024-05-23,102.0,2024-05-31,2024-05-31,2334.9
1983-10-01,2024-05-29,2024-05-29,100.8,2024-05-23,2024-05-23,102.2,2024-05-31,2024-05-31,2357.6
1983-11-01,2024-05-29,2024-05-29,101.1,2024-05-23,2024-05-23,102.1,2024-05-31,2024-05-31,2366.3
1983-12-01,2024-05-29,2024-05-29,101.4,2024-05-23,2024-05-23,102.3,2024-05-31,2024-05-31,2393.6
1984-01-01,2024-05-29,2024-05-29,102.1,2024-05-23,2024-05-23,102.9,2024-05-31,2024-05-31,2419.4
1984-02-01,2024-05-29,2024-05-29,102.6,2024-05-23,2024-05-23,103.2,2024-05-31,2024-05-31,2403.5
1984-03-01,2024-05-29,2024-05-29,102.9,2024-05-23,2024-05-23,103.9,2024-05-31,2024-05-31,2431.6
1984-04-01,2024-05-29,2024-05-29,103.3,2024-05-23,2024-05-23,104.0,2024-05-31,2024-05-31,2457.5
1984-05-01,2024-05-29,2024-05-29,103.5,2024-05-23,2024-05-23,104.1,2024-05-31,2024-05-31,2474.5
1984-06-01,2024-05-29,2024-05-29,103.7,2024-05-23,2024-05-23,104.0,2024-05-31,2024-05-31,2495.6
1984-07-01,2024-05-29,2024-05-29,104.1,2024-05-23,2024-05-23,104.2,2024-05-31,2024-05-31,2494.6
1984-08-01,2024-05-29,2024-05-29,104.4,2024-05-23,2024-05-23,103.8,2024-05-31,2024-05-31,2512.2
1984-09-01,2024-05-29,2024-05-29,104.7,2024-05-23,2024-05-23,103.4,2024-05-31,2024-05-31,2533.8
1984-10-01,2024-05-29,2024-05-29,105.1,2024-05-23,2024-05-23,103.4,2024-05-31,2024-05-31,2531.3
1984-11-01,2024-05-29,2024-05-29,105.3,2024-05-23,2024-05-23,103.7,2024-05-31,2024-05-31,2571.4
1984-12-01,2024-05-29,2024-05-29,105.5,2024-05-23,2024-05-23,103.5,2024-05-31,2024-05-31,2582.6
1985-01-01,2024-05-29,2024-05-29,105.7,2024-05-23,2024-05-23,103.4,2024-05-31,2024-05-31,2618.8
1985-02-01,2024-05-29,2024-05-29,106.3,2024-05-23,2024-05-23,103.3,2024-05-31,2024-05-31,2640.8
1985-03-01,2024-05-29,2024-05-29,106.8,2024-05-23,2024-05-23,103.1,2024-05-31,2024-05-31,2648.5
1985-04-01,2024-05-29,2024-05-29,107.0,2024-05-23,2024-05-23,103.3,2024-05-31,2024-05-31,2659.5
1985-05-01,2024-05-29,2024-05-29,107.2,2024-05-23,2024-05-23,103.5,2024-05-31,2024-05-31,2696.4
1985-06-01,2024-05-29,2024-05-29,107.5,2024-05-23,2024-05-23,103.3,2024-05-31,2024-05-31,2689.4
1985-07-01,2024-05-29,2024-05-29,107.7,2024-05-23,2024-05-23,103.2,2024-05-31,2024-05-31,2715.7
1985-08-01,2024-05-29,2024-05-29,107.9,2024-05-23,2024-05-23,102.7,2024-05-31,2024-05-31,2752.1
1985-09-01,2024-05-29,2024-05-29,108.1,2024-05-23,2024-05-23,102.1,2024-05-31,2024-05-31,2794.7
1985-10-01,2024-05-29,2024-05-29,108.5,2024-05-23,2024-05-23,102.9,2024-05-31,2024-05-31,2755.8
1985-11-01,2024-05-29,2024-05-29,109.0,2024-05-23,2024-05-23,103.4,2024-05-31,2024-05-31,2771.1
1985-12-01,2024-05-29,2024-05-29,109.5,2024-05-23,2024-05-23,103.6,2024-05-31,2024-05-31,2811.3
1986-01-01,2024-05-29,2024-05-29,109.9,2024-05-23,2024-05-23,103.2,2024-05-31,2024-05-31,2827.1
1986-02-01,2024-05-29,2024-05-29,109.7,2024-05-23,2024-05-23,101.7,2024-05-31,2024-05-31,2820.2
1986-03-01,2024-05-29,2024-05-29,109.1,2024-05-23,2024-05-23,100.3,2024-05-31,2024-05-31,2823.6
1986-04-01,2024-05-29,2024-05-29,108.7,2024-05-23,2024-05-23,99.6,2024-05-31,2024-05-31,2835.2
1986-05-01,2024-05-29,2024-05-29,109.0,2024-05-23,2024-05-23,100.0,2024-05-31,2024-05-31,2857.5
1986-06-01,2024-05-29,2024-05-29,109.4,2024-05-23,2024-05-23,99.9,2024-05-31,2024-05-31,2861.7
1986-07-01,2024-05-29,2024-05-29,109.5,2024-05-23,2024-05-23,99.4,2024-05-31,2024-05-31,2881.2
1986-08-01,2024-05-29,2024-05-29,109.6,2024-05-23,2024-05-23,99.3,2024-05-31,2024-05-31,2898.6
1986-09-01,2024-05-29,2024-05-29,110.0,2024-05-23,2024-05-23,99.4,2024-05-31,2024-05-31,2971.8
1986-10-01,2024-05-29,2024-05-29,110.2,2024-05-23,2024-05-23,99.7,2024-05-31,2024-05-31,2932.9
1986-11-01,2024-05-29,2024-05-29,110.4,2024-05-23,2024-05-23,99.8,2024-05-31,2024-05-31,2928.4
1986-12-01,2024-05-29,2024-05-29,110.8,2024-05-23,2024-05-23,99.7,2024-05-31,2024-05-31,2997.1
1987-01-01,2024-05-29,2024-05-29,111.4,2024-05-23,2024-05-23,100.5,2024-05-31,2024-05-31,2935.5
1987-02-01,2024-05-29,2024-05-29,111.8,2024-05-23,2024-05-23,101.0,2024-05-31,2024-05-31,3001.7
1987-03-01,2024-05-29,2024-05-29,112.2,2024-05-23,2024-05-23,101.2,2024-05-31,2024-05-31,3013.3
1987-04-01,2024-05-29,2024-05-29,112.7,2024-05-23,2024-05-23,101.9,2024-05-31,2024-05-31,3038.8
1987-05-01,2024-05-29,2024-05-29,113.0,2024-05-23,2024-05-23,102.6,2024-05-31,2024-05-31,3048.4
1987-06-01,2024-05-29,2024-05-29,113.5,2024-05-23,2024-05-23,103.0,2024-05-31,2024-05-31,3072.8
1987-07-01,2024-05-29,2024-05-29,113.8,2024-05-23,2024-05-23,103.5,2024-05-31,2024-05-31,3094.7
1987-08-01,2024-05-29,2024-05-29,114.3,2024-05-23,2024-05-23,103.8,2024-05-31,2024-05-31,3130.8
1987-09-01,2024-05-29,2024-05-29,114.7,2024-05-23,2024-05-23,103.7,2024-05-31,2024-05-31,3126.5
1987-10-01,2024-05-29,2024-05-29,115.0,2024-05-23,2024-05-23,104.1,2024-05-31,2024-05-31,3134.5
1987-11-01,2024-05-29,2024-05-29,115.4,2024-05-23,2024-05-23,104.2,2024-05-31,2024-05-31,3144.2
1987-12-01,2024-05-29,2024-05-29,115.6,2024-05-23,2024-05-23,104.2,2024-05-31,2024-05-31,3174.1
1988-01-01,2024-05-29,2024-05-29,116.0,2024-05-23,2024-05-23,104.6,2024-05-31,2024-05-31,3213.7
1988-02-01,2024-05-29,2024-05-29,116.2,2024-05-23,2024-05-23,104.8,2024-05-31,2024-05-31,3221.4
1988-03-01,2024-05-29,2024-05-29,116.5,2024-05-23,2024-05-23,104.9,2024-05-31,2024-05-31,3260.5
1988-04-01,2024-05-29,2024-05-29,117.2,2024-05-23,2024-05-23,105.8,2024-05-31,2024-05-31,3263.0
1988-05-01,2024-05-29,2024-05-29,117.5,2024-05-23,2024-05-23,106.5,2024-05-31,2024-05-31,3293.6
1988-06-01,2024-05-29,2024-05-29,118.0,2024-05-23,2024-05-23,107.2,2024-05-31,2024-05-31,3318.5
1988-07-01,2024-05-29,2024-05-29,118.5,2024-05-23,2024-05-23,107.9,2024-05-31,2024-05-31,3342.7
1988-08-01,2024-05-29,2024-05-29,119.0,2024-05-23,2024-05-23,108.0,2024-05-31,2024-05-31,3368.0
1988-09-01,2024-05-29,2024-05-29,119.5,2024-05-23,2024-05-23,108.1,2024-05-31,2024-05-31,3375.0
1988-10-01,2024-05-29,2024-05-29,119.9,2024-05-23,2024-05-23,108.2,2024-05-31,2024-05-31,3413.7
1988-11-01,2024-05-29,2024-05-29,120.3,2024-05-23,2024-05-23,108.3,2024-05-31,2024-05-31,3430.2
1988-12-01,2024-05-29,2024-05-29,120.7,2024-05-23,2024-05-23,109.0,2024-05-31,2024-05-31,3459.7
1989-01-01,2024-05-29,2024-05-29,121.2,2024-05-23,2024-05-23,110.5,2024-05-31,2024-05-31,3483.7
1989-02-01,2024-05-29,2024-05-29,121.6,2024-05-23,2024-05-23,110.8,2024-05-31,2024-05-31,3488.0
1989-03-01,2024-05-29,2024-05-29,122.2,2024-05-23,2024-05-23,111.5,2024-05-31,2024-05-31,3498.8
1989-04-01,2024-05-29,2024-05-29,123.1,2024-05-23,2024-05-23,112.3,2024-05-31,2024-05-31,3543.0
1989-05-01,2024-05-29,2024-05-29,123.7,2024-05-23,2024-05-23,113.2,2024-05-31,2024-05-31,3551.8
1989-06-01,2024-05-29,2024-05-29,124.1,2024-05-23,2024-05-23,112.9,2024-05-31,2024-05-31,3566.6
1989-07-01,2024-05-29,2024-05-29,124.5,2024-05-23,2024-05-23,112.8,2024-05-31,2024-05-31,3585.7
1989-08-01,2024-05-29,2024-05-29,124.5,2024-05-23,2024-05-23,112.0,2024-05-31,2024-05-31,3620.6
1989-09-01,2024-05-29,2024-05-29,124.8,2024-05-23,2024-05-23,112.4,2024-05-31,2024-05-31,3621.9
1989-10-01,2024-05-29,2024-05-29,125.4,2024-05-23,2024-05-23,112.8,2024-05-31,2024-05-31,3633.6
1989-11-01,2024-05-29,2024-05-29,125.9,2024-05-23,2024-05-23,112.7,2024-05-31,2024-05-31,3643.3
1989-12-01,2024-05-29,2024-05-29,126.3,2024-05-23,2024-05-23,113.0,2024-05-31,2024-05-31,3684.2
1990-01-01,2024-05-29,2024-05-29,127.5,2024-05-23,2024-05-23,114.9,2024-05-31,2024-05-31,3730.7
1990-02-01,2024-05-29,2024-05-29,128.0,2024-05-23,2024-05-23,114.4,2024-05-31,2024-05-31,3728.2
1990-03-01,2024-05-29,2024-05-29,128.6,2024-05-23,2024-05-23,114.2,2024-05-31,2024-05-31,3754.9
1990-04-01,2024-05-29,2024-05-29,128.9,2024-05-23,2024-05-23,114.1,2024-05-31,2024-05-31,3770.0
1990-05-01,2024-05-29,2024-05-29,129.1,2024-05-23,2024-05-23,114.6,2024-05-31,2024-05-31,3775.8
1990-06-01,2024-05-29,2024-05-29,129.9,2024-05-23,2024-05-23,114.3,2024-05-31,2024-05-31,3804.5
1990-07-01,2024-05-29,2024-05-29,130.5,2024-05-23,2024-05-23,114.5,2024-05-31,2024-05-31,3821.7
1990-08-01,2024-05-29,2024-05-29,131.6,2024-05-23,2024-05-23,116.5,2024-05-31,2024-05-31,3848.3
1990-09-01,2024-05-29,2024-05-29,132.5,2024-05-23,2024-05-23,118.4,2024-05-31,2024-05-31,3870.1
1990-10-01,2024-05-29,2024-05-29,133.4,2024-05-23,2024-05-23,120.8,2024-05-31,2024-05-31,3870.6
1990-11-01,2024-05-29,2024-05-29,133.7,2024-05-23,2024-05-23,120.1,2024-05-31,2024-05-31,3871.9
1990-12-01,2024-05-29,2024-05-29,134.2,2024-05-23,2024-05-23,118.7,2024-05-31,2024-05-31,3861.3
1991-01-01,2024-05-29,2024-05-29,134.7,2024-05-23,2024-05-23,119.0,2024-05-31,2024-05-31,3841.0
1991-02-01,2024-05-29,2024-05-29,134.8,2024-05-23,2024-05-23,117.2,2024-05-31,2024-05-31,3866.7
1991-03-01,2024-05-29,2024-05-29,134.8,2024-05-23,2024-05-23,116.2,2024-05-31,2024-05-31,3913.0
1991-04-01,2024-05-29,2024-05-29,135.1,2024-05-23,2024-05-23,116.0,2024-05-31,2024-05-31,3907.1
1991-05-01,2024-05-29,2024-05-29,135.6,2024-05-23,2024-05-23,116.5,2024-05-31,2024-05-31,3933.2
1991-06-01,2024-05-29,2024-05-29,136.0,2024-05-23,2024-05-23,116.4,2024-05-31,2024-05-31,3940.5
1991-07-01,2024-05-29,2024-05-29,136.2,2024-05-23,2024-05-23,116.1,2024-05-31,2024-05-31,3966.0
1991-08-01,2024-05-29,2024-05-29,136.6,2024-05-23,2024-05-23,116.2,2024-05-31,2024-05-31,3969.1
1991-09-01,2024-05-29,2024-05-29,137.0,2024-05-23,2024-05-23,116.1,2024-05-31,2024-05-31,3984.7
1991-10-01,2024-05-29,2024-05-29,137.2,2024-05-23,2024-05-23,116.4,2024-05-31,2024-05-31,3976.0
1991-11-01,2024-05-29,2024-05-29,137.8,2024-05-23,2024-05-23,116.4,2024-05-31,2024-05-31,4003.6
1991-12-01,2024-05-29,2024-05-29,138.2,2024-05-23,2024-05-23,115.9,2024-05-31,2024-05-31,4020.5
1992-01-01,2024-05-29,2024-05-29,138.3,2024-05-23,2024-05-23,115.6,2024-05-31,2024-05-31,4084.7
1992-02-01,2024-05-29,2024-05-29,138.6,2024-05-23,2024-05-23,116.0,2024-05-31,2024-05-31,4099.5
1992-03-01,2024-05-29,2024-05-29,139.1,2024-05-23,2024-05-23,116.1,2024-05-31,2024-05-31,4117.0
1992-04-01,2024-05-29,2024-05-29,139.4,2024-05-23,2024-05-23,116.3,2024-05-31,2024-05-31,4131.5
1992-05-01,2024-05-29,2024-05-29,139.7,2024-05-23,2024-05-23,117.2,2024-05-31,2024-05-31,4158.4
1992-06-01,2024-05-29,2024-05-29,140.1,2024-05-23,2024-05-23,118.0,2024-05-31,2024-05-31,4177.1
1992-07-01,2024-05-29,2024-05-29,140.5,2024-05-23,2024-05-23,117.9,2024-05-31,2024-05-31,4204.8
1992-08-01,2024-05-29,2024-05-29,140.8,2024-05-23,2024-05-23,117.7,2024-05-31,2024-05-31,4220.9
1992-09-01,2024-05-29,2024-05-29,141.1,2024-05-23,2024-05-23,118.0,2024-05-31,2024-05-31,4255.3
1992-10-01,2024-05-29,2024-05-29,141.7,2024-05-23,2024-05-23,118.1,2024-05-31,2024-05-31,4284.7
1992-11-01,2024-05-29,2024-05-29,142.1,2024-05-23,2024-05-23,117.8,2024-05-31,2024-05-31,4300.5
1992-12-01,2024-05-29,2024-05-29,142.3,2024-05-23,2024-05-23,117.6,2024-05-31,2024-05-31,4336.4
1993-01-01,2024-05-29,2024-05-29,142.8,2024-05-23,2024-05-23,118.0,2024-05-31,2024-05-31,4340.7
1993-02-01,2024-05-29,2024-05-29,143.1,2024-05-23,2024-05-23,118.4,2024-05-31,2024-05-31,4355.3
1993-03-01,2024-05-29,2024-05-29,143.3,2024-05-23,2024-05-23,118.7,2024-05-31,2024-05-31,4352.5
1993-04-01,2024-05-29,2024-05-29,143.8,2024-05-23,2024-05-23,119.3,2024-05-31,2024-05-31,4393.4
1993-05-01,2024-05-29,2024-05-29,144.2,2024-05-23,2024-05-23,119.7,2024-05-31,2024-05-31,4422.4
1993-06-01,2024-05-29,2024-05-29,144.3,2024-05-23,2024-05-23,119.5,2024-05-31,2024-05-31,4440.0
1993-07-01,2024-05-29,2024-05-29,144.5,2024-05-23,2024-05-23,119.2,2024-05-31,2024-05-31,4468.9
1993-08-01,2024-05-29,2024-05-29,144.8,2024-05-23,2024-05-23,118.7,2024-05-31,2024-05-31,4481.1
1993-09-01,2024-05-29,2024-05-29,145.0,2024-05-23,2024-05-23,118.7,2024-05-31,2024-05-31,4511.5
1993-10-01,2024-05-29,2024-05-29,145.6,2024-05-23,2024-05-23,119.1,2024-05-31,2024-05-31,4532.8
1993-11-01,2024-05-29,2024-05-29,146.0,2024-05-23,2024-05-23,119.0,2024-05-31,2024-05-31,4554.1
1993-12-01,2024-05-29,2024-05-29,146.3,2024-05-23,2024-05-23,118.6,2024-05-31,2024-05-31,4571.1
1994-01-01,2024-05-29,2024-05-29,146.3,2024-05-23,2024-05-23,119.1,2024-05-31,2024-05-31,4585.1
1994-02-01,2024-05-29,2024-05-29,146.7,2024-05-23,2024-05-23,119.3,2024-05-31,2024-05-31,4632.6
1994-03-01,2024-05-29,2024-05-29,147.1,2024-05-23,2024-05-23,119.7,2024-05-31,2024-05-31,4646.0
1994-04-01,2024-05-29,2024-05-29,147.2,2024-05-23,2024-05-23,119.7,2024-05-31,2024-05-31,4671.1
1994-05-01,2024-05-29,2024-05-29,147.5,2024-05-23,2024-05-23,119.9,2024-05-31,2024-05-31,4669.5
1994-06-01,2024-05-29,2024-05-29,147.9,2024-05-23,2024-05-23,120.5,2024-05-31,2024-05-31,4708.9
1994-07-01,2024-05-29,2024-05-29,148.4,2024-05-23,2024-05-23,120.7,2024-05-31,2024-05-31,4720.6
1994-08-01,2024-05-29,2024-05-29,149.0,2024-05-23,2024-05-23,121.2,2024-05-31,2024-05-31,4762.6
1994-09-01,2024-05-29,2024-05-29,149.3,2024-05-23,2024-05-23,121.0,2024-05-31,2024-05-31,4775.0
1994-10-01,2024-05-29,2024-05-29,149.4,2024-05-23,2024-05-23,120.9,2024-05-31,2024-05-31,4812.9
1994-11-01,2024-05-29,2024-05-29,149.8,2024-05-23,2024-05-23,121.5,2024-05-31,2024-05-31,4825.6
1994-12-01,2024-05-29,2024-05-29,150.1,2024-05-23,2024-05-23,121.9,2024-05-31,2024-05-31,4841.6
1995-01-01,2024-05-29,2024-05-29,150.5,2024-05-23,2024-05-23,122.9,2024-05-31,2024-05-31,4851.2
1995-02-01,2024-05-29,2024-05-29,150.9,2024-05-23,2024-05-23,123.5,2024-05-31,2024-05-31,4850.8
1995-03-01,2024-05-29,2024-05-29,151.2,2024-05-23,2024-05-23,123.9,2024-05-31,2024-05-31,4885.4
1995-04-01,2024-05-29,2024-05-29,151.8,2024-05-23,2024-05-23,124.6,2024-05-31,2024-05-31,4890.2
1995-05-01,2024-05-29,2024-05-29,152.1,2024-05-23,2024-05-23,124.9,2024-05-31,2024-05-31,4933.1
1995-06-01,2024-05-29,2024-05-29,152.4,2024-05-23,2024-05-23,125.3,2024-05-31,2024-05-31,4977.5
1995-07-01,2024-05-29,2024-05-29,152.6,2024-05-23,2024-05-23,125.3,2024-05-31,2024-05-31,4970.2
1995-08-01,2024-05-29,2024-05-29,152.9,2024-05-23,2024-05-23,125.1,2024-05-31,2024-05-31,5005.3
1995-09-01,2024-05-29,2024-05-29,153.1,2024-05-23,2024-05-23,125.2,2024-05-31,2024-05-31,5020.5
1995-10-01,2024-05-29,2024-05-29,153.5,2024-05-23,2024-05-23,125.3,2024-05-31,2024-05-31,5013.9
1995-11-01,2024-05-29,2024-05-29,153.7,2024-05-23,2024-05-23,125.4,2024-05-31,2024-05-31,5055.6
1995-12-01,2024-05-29,2024-05-29,153.9,2024-05-23,2024-05-23,125.7,2024-05-31,2024-05-31,5097.5
1996-01-01,2024-05-29,2024-05-29,154.7,2024-05-23,2024-05-23,126.3,2024-05-31,2024-05-31,5085.7
1996-02-01,2024-05-29,2024-05-29,155.0,2024-05-23,2024-05-23,126.2,2024-05-31,2024-05-31,5132.8
1996-03-01,2024-05-29,2024-05-29,155.5,2024-05-23,2024-05-23,126.4,2024-05-31,2024-05-31,5173.3
1996-04-01,2024-05-29,2024-05-29,156.1,2024-05-23,2024-05-23,127.4,2024-05-31,2024-05-31,5208.0
1996-05-01,2024-05-29,2024-05-29,156.4,2024-05-23,2024-05-23,128.1,2024-05-31,2024-05-31,5223.8
1996-06-01,2024-05-29,2024-05-29,156.7,2024-05-23,2024-05-23,128.0,2024-05-31,2024-05-31,5229.8
1996-07-01,2024-05-29,2024-05-29,157.0,2024-05-23,2024-05-23,128.0,2024-05-31,2024-05-31,5251.9
1996-08-01,2024-05-29,2024-05-29,157.2,2024-05-23,2024-05-23,128.3,2024-05-31,2024-05-31,5275.0
1996-09-01,2024-05-29,2024-05-29,157.7,2024-05-23,2024-05-23,128.2,2024-05-31,2024-05-31,5296.6
1996-10-01,2024-05-29,2024-05-29,158.2,2024-05-23,2024-05-23,128.0,2024-05-31,2024-05-31,5328.5
1996-11-01,2024-05-29,2024-05-29,158.7,2024-05-23,2024-05-23,128.2,2024-05-31,2024-05-31,5351.2
1996-12-01,2024-05-29,2024-05-29,159.1,2024-05-23,2024-05-23,129.1,2024-05-31,2024-05-31,5378.6
1997-01-01,2024-05-29,2024-05-29,159.4,2024-05-23,2024-05-23,129.7,2024-05-31,2024-05-31,5411.1
1997-02-01,2024-05-29,2024-05-29,159.7,2024-05-23,2024-05-23,128.5,2024-05-31,2024-05-31,5434.0
1997-03-01,2024-05-29,2024-05-29,159.8,2024-05-23,2024-05-23,127.3,2024-05-31,2024-05-31,5454.2
1997-04-01,2024-05-29,2024-05-29,159.9,2024-05-23,2024-05-23,127.0,2024-05-31,2024-05-31,5459.3
1997-05-01,2024-05-29,2024-05-29,159.9,2024-05-23,2024-05-23,127.4,2024-05-31,2024-05-31,5460.2
1997-06-01,2024-05-29,2024-05-29,160.2,2024-05-23,2024-05-23,127.2,2024-05-31,2024-05-31,5494.2
1997-07-01,2024-05-29,2024-05-29,160.4,2024-05-23,2024-05-23,126.9,2024-05-31,2024-05-31,5548.8
1997-08-01,2024-05-29,2024-05-29,160.8,2024-05-23,2024-05-23,127.2,2024-05-31,2024-05-31,5587.0
1997-09-01,2024-05-29,2024-05-29,161.2,2024-05-23,2024-05-23,127.5,2024-05-31,2024-05-31,5601.7
1997-10-01,2024-05-29,2024-05-29,161.5,2024-05-23,2024-05-23,127.8,2024-05-31,2024-05-31,5637.7
1997-11-01,2024-05-29,2024-05-29,161.7,2024-05-23,2024-05-23,127.9,2024-05-31,2024-05-31,5661.1
1997-12-01,2024-05-29,2024-05-29,161.8,2024-05-23,2024-05-23,126.8,2024-05-31,2024-05-31,5692.1
1998-01-01,2024-05-29,2024-05-29,162.0,2024-05-23,2024-05-23,125.4,2024-05-31,2024-05-31,5689.9
1998-02-01,2024-05-29,2024-05-29,162.0,2024-05-23,2024-05-23,125.0,2024-05-31,2024-05-31,5723.8
1998-03-01,2024-05-29,2024-05-29,162.0,2024-05-23,2024-05-23,124.7,2024-05-31,2024-05-31,5750.3
1998-04-01,2024-05-29,2024-05-29,162.2,2024-05-23,2024-05-23,124.9,2024-05-31,2024-05-31,5788.1
1998-05-01,2024-05-29,2024-05-29,162.6,2024-05-23,2024-05-23,125.1,2024-05-31,2024-05-31,5837.9
1998-06-01,2024-05-29,2024-05-29,162.8,2024-05-23,2024-05-23,124.8,2024-05-31,2024-05-31,5871.7
1998-07-01,2024-05-29,2024-05-29,163.2,2024-05-23,2024-05-23,124.9,2024-05-31,2024-05-31,5890.0
1998-08-01,2024-05-29,2024-05-29,163.4,2024-05-23,2024-05-23,124.2,2024-05-31,2024-05-31,5925.0
1998-09-01,2024-05-29,2024-05-29,163.5,2024-05-23,2024-05-23,123.8,2024-05-31,2024-05-31,5965.6
1998-10-01,2024-05-29,2024-05-29,163.9,2024-05-23,2024-05-23,124.0,2024-05-31,2024-05-31,5998.8
1998-11-01,2024-05-29,2024-05-29,164.1,2024-05-23,2024-05-23,123.6,2024-05-31,2024-05-31,6015.4
1998-12-01,2024-05-29,2024-05-29,164.4,2024-05-23,2024-05-23,122.8,2024-05-31,2024-05-31,6070.5
1999-01-01,2024-05-29,2024-05-29,164.7,2024-05-23,2024-05-23,122.9,2024-05-31,2024-05-31,6073.9
1999-02-01,2024-05-29,2024-05-29,164.7,2024-05-23,2024-05-23,122.3,2024-05-31,2024-05-31,6099.2
1999-03-01,2024-05-29,2024-05-29,164.8,2024-05-23,2024-05-23,122.6,2024-05-31,2024-05-31,6133.0
1999-04-01,2024-05-29,2024-05-29,165.9,2024-05-23,2024-05-23,123.6,2024-05-31,2024-05-31,6199.5
1999-05-01,2024-05-29,2024-05-29,166.0,2024-05-23,2024-05-23,124.7,2024-05-31,2024-05-31,6232.1
1999-06-01,2024-05-29,2024-05-29,166.0,2024-05-23,2024-05-23,125.2,2024-05-31,2024-05-31,6260.3
1999-07-01,2024-05-29,2024-05-29,166.7,2024-05-23,2024-05-23,125.7,2024-05-31,2024-05-31,6287.6
1999-08-01,2024-05-29,2024-05-29,167.1,2024-05-23,2024-05-23,126.9,2024-05-31,2024-05-31,6331.9
1999-09-01,2024-05-29,2024-05-29,167.8,2024-05-23,2024-05-23,128.0,2024-05-31,2024-05-31,6386.5
1999-10-01,2024-05-29,2024-05-29,168.1,2024-05-23,2024-05-23,127.7,2024-05-31,2024-05-31,6411.4
1999-11-01,2024-05-29,2024-05-29,168.4,2024-05-23,2024-05-23,128.3,2024-05-31,2024-05-31,6448.7
1999-12-01,2024-05-29,2024-05-29,168.8,2024-05-23,2024-05-23,127.8,2024-05-31,2024-05-31,6541.0
2000-01-01,2024-05-29,2024-05-29,169.3,2024-05-23,2024-05-23,128.3,2024-05-31,2024-05-31,6542.9
2000-02-01,2024-05-29,2024-05-29,170.0,2024-05-23,2024-05-23,129.8,2024-05-31,2024-05-31,6625.3
2000-03-01,2024-05-29,2024-05-29,171.0,2024-05-23,2024-05-23,130.8,2024-05-31,2024-05-31,6686.5
2000-04-01,2024-05-29,2024-05-29,170.9,2024-05-23,2024-05-23,130.7,2024-05-31,2024-05-31,6679.1
2000-05-01,2024-05-29,2024-05-29,171.2,2024-05-23,2024-05-23,131.6,2024-05-31,2024-05-31,6709.7
2000-06-01,2024-05-29,2024-05-29,172.2,2024-05-23,2024-05-23,133.8,2024-05-31,2024-05-31,6746.9
2000-07-01,2024-05-29,2024-05-29,172.7,2024-05-23,2024-05-23,133.7,2024-05-31,2024-05-31,6768.5
2000-08-01,2024-05-29,2024-05-29,172.7,2024-05-23,2024-05-23,132.9,2024-05-31,2024-05-31,6802.8
2000-09-01,2024-05-29,2024-05-29,173.6,2024-05-23,2024-05-23,134.7,2024-05-31,2024-05-31,6888.6
2000-10-01,2024-05-29,2024-05-29,173.9,2024-05-23,2024-05-23,135.4,2024-05-31,2024-05-31,6893.8
2000-11-01,2024-05-29,2024-05-29,174.2,2024-05-23,2024-05-23,135.0,2024-05-31,2024-05-31,6909.8
2000-12-01,2024-05-29,2024-05-29,174.6,2024-05-23,2024-05-23,136.2,2024-05-31,2024-05-31,6952.2
2001-01-01,2024-05-29,2024-05-29,175.6,2024-05-23,2024-05-23,140.0,2024-05-31,2024-05-31,6987.4
2001-02-01,2024-05-29,2024-05-29,176.0,2024-05-23,2024-05-23,137.4,2024-05-31,2024-05-31,7001.8
2001-03-01,2024-05-29,2024-05-29,176.1,2024-05-23,2024-05-23,135.9,2024-05-31,2024-05-31,6996.7
2001-04-01,2024-05-29,2024-05-29,176.4,2024-05-23,2024-05-23,136.4,2024-05-31,2024-05-31,7004.2
2001-05-01,2024-05-29,2024-05-29,177.3,2024-05-23,2024-05-23,136.8,2024-05-31,2024-05-31,7052.8
2001-06-01,2024-05-29,2024-05-29,177.7,2024-05-23,2024-05-23,135.5,2024-05-31,2024-05-31,7069.7
2001-07-01,2024-05-29,2024-05-29,177.4,2024-05-23,2024-05-23,133.4,2024-05-31,2024-05-31,7082.3
2001-08-01,2024-05-29,2024-05-29,177.4,2024-05-23,2024-05-23,133.4,2024-05-31,2024-05-31,7121.7
2001-09-01,2024-05-29,2024-05-29,178.1,2024-05-23,2024-05-23,133.3,2024-05-31,2024-05-31,7007.0
2001-10-01,2024-05-29,2024-05-29,177.6,2024-05-23,2024-05-23,130.3,2024-05-31,2024-05-31,7212.9
2001-11-01,2024-05-29,2024-05-29,177.5,2024-05-23,2024-05-23,129.8,2024-05-31,2024-05-31,7182.3
2001-12-01,2024-05-29,2024-05-29,177.4,2024-05-23,2024-05-23,128.1,2024-05-31,2024-05-31,7166.7
2002-01-01,2024-05-29,2024-05-29,177.7,2024-05-23,2024-05-23,128.5,2024-05-31,2024-05-31,7184.6
2002-02-01,2024-05-29,2024-05-29,178.0,2024-05-23,2024-05-23,128.4,2024-05-31,2024-05-31,7225.2
2002-03-01,2024-05-29,2024-05-29,178.5,2024-05-23,2024-05-23,129.8,2024-05-31,2024-05-31,7243.4
2002-04-01,2024-05-29,2024-05-29,179.3,2024-05-23,2024-05-23,130.8,2024-05-31,2024-05-31,7312.5
2002-05-01,2024-05-29,2024-05-29,179.5,2024-05-23,2024-05-23,130.8,2024-05-31,2024-05-31,7288.9
2002-06-01,2024-05-29,2024-05-29,179.6,2024-05-23,2024-05-23,130.9,2024-05-31,2024-05-31,7322.5
2002-07-01,2024-05-29,2024-05-29,180.0,2024-05-23,2024-05-23,131.2,2024-05-31,2024-05-31,7387.3
2002-08-01,2024-05-29,2024-05-29,180.5,2024-05-23,2024-05-23,131.5,2024-05-31,2024-05-31,7412.6
2002-09-01,2024-05-29,2024-05-29,180.8,2024-05-23,2024-05-23,132.3,2024-05-31,2024-05-31,7391.5
2002-10-01,2024-05-29,2024-05-29,181.2,2024-05-23,2024-05-23,133.2,2024-05-31,2024-05-31,7435.2
2002-11-01,2024-05-29,2024-05-29,181.5,2024-05-23,2024-05-23,133.1,2024-05-31,2024-05-31,7463.8
2002-12-01,2024-05-29,2024-05-29,181.8,2024-05-23,2024-05-23,132.9,2024-05-31,2024-05-31,7519.9
2003-01-01,2024-05-29,2024-05-29,182.6,2024-05-23,2024-05-23,135.3,2024-05-31,2024-05-31,7541.3
2003-02-01,2024-05-29,2024-05-29,183.6,2024-05-23,2024-05-23,137.6,2024-05-31,2024-05-31,7548.6
2003-03-01,2024-05-29,2024-05-29,183.9,2024-05-23,2024-05-23,141.2,2024-05-31,2024-05-31,7611.5
2003-04-01,2024-05-29,2024-05-29,183.2,2024-05-23,2024-05-23,136.8,2024-05-31,2024-05-31,7634.5
2003-05-01,2024-05-29,2024-05-29,182.9,2024-05-23,2024-05-23,136.7,2024-05-31,2024-05-31,7650.3
2003-06-01,2024-05-29,2024-05-29,183.1,2024-05-23,2024-05-23,138.0,2024-05-31,2024-05-31,7699.6
2003-07-01,2024-05-29,2024-05-29,183.7,2024-05-23,2024-05-23,137.7,2024-05-31,2024-05-31,7757.0
2003-08-01,2024-05-29,2024-05-29,184.5,2024-05-23,2024-05-23,138.0,2024-05-31,2024-05-31,7852.1
2003-09-01,2024-05-29,2024-05-29,185.1,2024-05-23,2024-05-23,138.5,2024-05-31,2024-05-31,7853.7
2003-10-01,2024-05-29,2024-05-29,184.9,2024-05-23,2024-05-23,139.3,2024-05-31,2024-05-31,7867.4
2003-11-01,2024-05-29,2024-05-29,185.0,2024-05-23,2024-05-23,138.9,2024-05-31,2024-05-31,7922.6
2003-12-01,2024-05-29,2024-05-29,185.5,2024-05-23,2024-05-23,139.5,2024-05-31,2024-05-31,7950.4
2004-01-01,2024-05-29,2024-05-29,186.3,2024-05-23,2024-05-23,141.4,2024-05-31,2024-05-31,8007.1
2004-02-01,2024-05-29,2024-05-29,186.7,2024-05-23,2024-05-23,142.1,2024-05-31,2024-05-31,8040.4
2004-03-01,2024-05-29,2024-05-29,187.1,2024-05-23,2024-05-23,143.1,2024-05-31,2024-05-31,8098.8
2004-04-01,2024-05-29,2024-05-29,187.4,2024-05-23,2024-05-23,144.8,2024-05-31,2024-05-31,8107.2
2004-05-01,2024-05-29,2024-05-29,188.2,2024-05-23,2024-05-23,146.8,2024-05-31,2024-05-31,8176.5
2004-06-01,2024-05-29,2024-05-29,188.9,2024-05-23,2024-05-23,147.2,2024-05-31,2024-05-31,8157.6
2004-07-01,2024-05-29,2024-05-29,189.1,2024-05-23,2024-05-23,147.4,2024-05-31,2024-05-31,8236.9
2004-08-01,2024-05-29,2024-05-29,189.2,2024-05-23,2024-05-23,148.0,2024-05-31,2024-05-31,8271.6
2004-09-01,2024-05-29,2024-05-29,189.8,2024-05-23,2024-05-23,147.7,2024-05-31,2024-05-31,8341.5
2004-10-01,2024-05-29,2024-05-29,190.8,2024-05-23,2024-05-23,150.0,2024-05-31,2024-05-31,8397.1
2004-11-01,2024-05-29,2024-05-29,191.7,2024-05-23,2024-05-23,151.4,2024-05-31,2024-05-31,8444.5
2004-12-01,2024-05-29,2024-05-29,191.7,2024-05-23,2024-05-23,150.2,2024-05-31,2024-05-31,8504.4
2005-01-01,2024-05-29,2024-05-29,191.6,2024-05-23,2024-05-23,150.9,2024-05-31,2024-05-31,8497.7
2005-02-01,2024-05-29,2024-05-29,192.4,2024-05-23,2024-05-23,151.6,2024-05-31,2024-05-31,8559.1
2005-03-01,2024-05-29,2024-05-29,193.1,2024-05-23,2024-05-23,153.7,2024-05-31,2024-05-31,8598.4
2005-04-01,2024-05-29,2024-05-29,193.7,2024-05-23,2024-05-23,155.0,2024-05-31,2024-05-31,8678.4
2005-05-01,2024-05-29,2024-05-29,193.6,2024-05-23,2024-05-23,154.3,2024-05-31,2024-05-31,8671.6
2005-06-01,2024-05-29,2024-05-29,193.7,2024-05-23,2024-05-23,154.3,2024-05-31,2024-05-31,8753.4
2005-07-01,2024-05-29,2024-05-29,194.9,2024-05-23,2024-05-23,156.3,2024-05-31,2024-05-31,8853.8
2005-08-01,2024-05-29,2024-05-29,196.1,2024-05-23,2024-05-23,157.6,2024-05-31,2024-05-31,8850.1
2005-09-01,2024-05-29,2024-05-29,198.8,2024-05-23,2024-05-23,162.2,2024-05-31,2024-05-31,8900.4
2005-10-01,2024-05-29,2024-05-29,199.1,2024-05-23,2024-05-23,166.2,2024-05-31,2024-05-31,8938.5
2005-11-01,2024-05-29,2024-05-29,198.1,2024-05-23,2024-05-23,163.7,2024-05-31,2024-05-31,8946.2
2005-12-01,2024-05-29,2024-05-29,198.1,2024-05-23,2024-05-23,163.0,2024-05-31,2024-05-31,8981.1
2006-01-01,2024-05-29,2024-05-29,199.3,2024-05-23,2024-05-23,164.3,2024-05-31,2024-05-31,9071.6
2006-02-01,2024-05-29,2024-05-29,199.4,2024-05-23,2024-05-23,161.8,2024-05-31,2024-05-31,9096.0
2006-03-01,2024-05-29,2024-05-29,199.7,2024-05-23,2024-05-23,162.2,2024-05-31,2024-05-31,9132.9
2006-04-01,2024-05-29,2024-05-29,200.7,2024-05-23,2024-05-23,164.3,2024-05-31,2024-05-31,9191.6
2006-05-01,2024-05-29,2024-05-29,201.3,2024-05-23,2024-05-23,165.8,2024-05-31,2024-05-31,9231.8
2006-06-01,2024-05-29,2024-05-29,201.8,2024-05-23,2024-05-23,166.1,2024-05-31,2024-05-31,9259.6
2006-07-01,2024-05-29,2024-05-29,202.9,2024-05-23,2024-05-23,166.8,2024-05-31,2024-05-31,9343.8
2006-08-01,2024-05-29,2024-05-29,203.8,2024-05-23,2024-05-23,167.9,2024-05-31,2024-05-31,9342.2
2006-09-01,2024-05-29,2024-05-29,202.8,2024-05-23,2024-05-23,165.4,2024-05-31,2024-05-31,9375.4
2006-10-01,2024-05-29,2024-05-29,201.9,2024-05-23,2024-05-23,162.2,2024-05-31,2024-05-31,9393.6
2006-11-01,2024-05-29,2024-05-29,202.0,2024-05-23,2024-05-23,164.6,2024-05-31,2024-05-31,9400.2
2006-12-01,2024-05-29,2024-05-29,203.1,2024-05-23,2024-05-23,165.6,2024-05-31,2024-05-31,9488.3
2007-01-01,2024-05-29,2024-05-29,203.437,2024-05-23,2024-05-23,164.0,2024-05-31,2024-05-31,9538.7
2007-02-01,2024-05-29,2024-05-29,204.226,2024-05-23,2024-05-23,166.8,2024-05-31,2024-05-31,9566.0
2007-03-01,2024-05-29,2024-05-29,205.288,2024-05-23,2024-05-23,169.3,2024-05-31,2024-05-31,9611.7
2007-04-01,2024-05-29,2024-05-29,205.904,2024-05-23,2024-05-23,171.4,2024-05-31,2024-05-31,9643.6
2007-05-01,2024-05-29,2024-05-29,206.755,2024-05-23,2024-05-23,173.3,2024-05-31,2024-05-31,9685.8
2007-06-01,2024-05-29,2024-05-29,207.234,2024-05-23,2024-05-23,173.8,2024-05-31,2024-05-31,9706.8
2007-07-01,2024-05-29,2024-05-29,207.603,2024-05-23,2024-05-23,175.1,2024-05-31,2024-05-31,9751.1
2007-08-01,2024-05-29,2024-05-29,207.667,2024-05-23,2024-05-23,172.4,2024-05-31,2024-05-31,9798.9
2007-09-01,2024-05-29,2024-05-29,208.547,2024-05-23,2024-05-23,173.5,2024-05-31,2024-05-31,9845.1
2007-10-01,2024-05-29,2024-05-29,209.19,2024-05-23,2024-05-23,174.7,2024-05-31,2024-05-31,9882.7
2007-11-01,2024-05-29,2024-05-29,210.834,2024-05-23,2024-05-23,179.0,2024-05-31,2024-05-31,9955.9
2007-12-01,2024-05-29,2024-05-29,211.445,2024-05-23,2024-05-23,178.6,2024-05-31,2024-05-31,9972.8
2008-01-01,2024-05-29,2024-05-29,212.174,2024-05-23,2024-05-23,181.0,2024-05-31,2024-05-31,9996.4
2008-02-01,2024-05-29,2024-05-29,212.687,2024-05-23,2024-05-23,182.7,2024-05-31,2024-05-31,9981.7
2008-03-01,2024-05-29,2024-05-29,213.448,2024-05-23,2024-05-23,187.9,2024-05-31,2024-05-31,10035.3
2008-04-01,2024-05-29,2024-05-29,213.942,2024-05-23,2024-05-23,190.9,2024-05-31,2024-05-31,10070.3
2008-05-01,2024-05-29,2024-05-29,215.208,2024-05-23,2024-05-23,196.6,2024-05-31,2024-05-31,10132.3
2008-06-01,2024-05-29,2024-05-29,217.463,2024-05-23,2024-05-23,200.5,2024-05-31,2024-05-31,10187.1
2008-07-01,2024-05-29,2024-05-29,219.016,2024-05-23,2024-05-23,205.5,2024-05-31,2024-05-31,10185.1
2008-08-01,2024-05-29,2024-05-29,218.69,2024-05-23,2024-05-23,199.0,2024-05-31,2024-05-31,10175.7
2008-09-01,2024-05-29,2024-05-29,218.877,2024-05-23,2024-05-23,196.9,2024-05-31,2024-05-31,10116.4
2008-10-01,2024-05-29,2024-05-29,216.995,2024-05-23,2024-05-23,186.4,2024-05-31,2024-05-31,10034.1
2008-11-01,2024-05-29,2024-05-29,213.153,2024-05-23,2024-05-23,176.8,2024-05-31,2024-05-31,9885.2
2008-12-01,2024-05-29,2024-05-29,211.398,2024-05-23,2024-05-23,170.9,2024-05-31,2024-05-31,9801.5
2009-01-01,2024-05-29,2024-05-29,211.933,2024-05-23,2024-05-23,171.2,2024-05-31,2024-05-31,9847.2
2009-02-01,2024-05-29,2024-05-29,212.705,2024-05-23,2024-05-23,169.3,2024-05-31,2024-05-31,9824.5
2009-03-01,2024-05-29,2024-05-29,212.495,2024-05-23,2024-05-23,168.1,2024-05-31,2024-05-31,9773.2
2009-04-01,2024-05-29,2024-05-29,212.709,2024-05-23,2024-05-23,169.1,2024-05-31,2024-05-31,9772.5
2009-05-01,2024-05-29,2024-05-29,213.022,2024-05-23,2024-05-23,170.8,2024-05-31,2024-05-31,9791.6
2009-06-01,2024-05-29,2024-05-29,214.79,2024-05-23,2024-05-23,174.1,2024-05-31,2024-05-31,9852.4
2009-07-01,2024-05-29,2024-05-29,214.726,2024-05-23,2024-05-23,172.5,2024-05-31,2024-05-31,9886.3
2009-08-01,2024-05-29,2024-05-29,215.445,2024-05-23,2024-05-23,175.0,2024-05-31,2024-05-31,10004.1
2009-09-01,2024-05-29,2024-05-29,215.861,2024-05-23,2024-05-23,174.1,2024-05-31,2024-05-31,9927.8
2009-10-01,2024-05-29,2024-05-29,216.509,2024-05-23,2024-05-23,175.2,2024-05-31,2024-05-31,9976.7
2009-11-01,2024-05-29,2024-05-29,217.234,2024-05-23,2024-05-23,177.4,2024-05-31,2024-05-31,9985.7
2009-12-01,2024-05-29,2024-05-29,217.347,2024-05-23,2024-05-23,178.1,2024-05-31,2024-05-31,10052.6
2010-01-01,2024-05-29,2024-05-29,217.488,2024-05-23,2024-05-23,181.9,2024-05-31,2024-05-31,10056.1
2010-02-01,2024-05-29,2024-05-29,217.281,2024-05-23,2024-05-23,181.0,2024-05-31,2024-05-31,10093.4
2010-03-01,2024-05-29,2024-05-29,217.353,2024-05-23,2024-05-23,183.3,2024-05-31,2024-05-31,10156.0
2010-04-01,2024-05-29,2024-05-29,217.403,2024-05-23,2024-05-23,184.4,2024-05-31,2024-05-31,10182.3
2010-05-01,2024-05-29,2024-05-29,217.29,2024-05-23,2024-05-23,184.8,2024-05-31,2024-05-31,10210.8
2010-06-01,2024-05-29,2024-05-29,217.199,2024-05-23,2024-05-23,183.5,2024-05-31,2024-05-31,10231.3
2010-07-01,2024-05-29,2024-05-29,217.605,2024-05-23,2024-05-23,184.1,2024-05-31,2024-05-31,10268.1
2010-08-01,2024-05-29,2024-05-29,217.923,2024-05-23,2024-05-23,184.9,2024-05-31,2024-05-31,10307.1
2010-09-01,2024-05-29,2024-05-29,218.275,2024-05-23,2024-05-23,184.9,2024-05-31,2024-05-31,10327.1
2010-10-01,2024-05-29,2024-05-29,219.035,2024-05-23,2024-05-23,186.6,2024-05-31,2024-05-31,10386.4
2010-11-01,2024-05-29,2024-05-29,219.59,2024-05-23,2024-05-23,187.7,2024-05-31,2024-05-31,10433.6
2010-12-01,2024-05-29,2024-05-29,220.472,2024-05-23,2024-05-23,189.7,2024-05-31,2024-05-31,10471.0
2011-01-01,2024-05-29,2024-05-29,221.187,2024-05-23,2024-05-23,192.7,2024-05-31,2024-05-31,10514.3
2011-02-01,2024-05-29,2024-05-29,221.898,2024-05-23,2024-05-23,195.8,2024-05-31,2024-05-31,10540.6
2011-03-01,2024-05-29,2024-05-29,223.046,2024-05-23,2024-05-23,199.2,2024-05-31,2024-05-31,10619.7
2011-04-01,2024-05-29,2024-05-29,224.093,2024-05-23,2024-05-23,203.1,2024-05-31,2024-05-31,10652.1
2011-05-01,2024-05-29,2024-05-29,224.806,2024-05-23,2024-05-23,204.1,2024-05-31,2024-05-31,10672.2
2011-06-01,2024-05-29,2024-05-29,224.806,2024-05-23,2024-05-23,203.9,2024-05-31,2024-05-31,10694.8
2011-07-01,2024-05-29,2024-05-29,225.395,2024-05-23,2024-05-23,204.6,2024-05-31,2024-05-31,10731.6
2011-08-01,2024-05-29,2024-05-29,226.106,2024-05-23,2024-05-23,203.2,2024-05-31,2024-05-31,10750.3
2011-09-01,2024-05-29,2024-05-29,226.597,2024-05-23,2024-05-23,203.7,2024-05-31,2024-05-31,10783.2
2011-10-01,2024-05-29,2024-05-29,226.75,2024-05-23,2024-05-23,201.1,2024-05-31,2024-05-31,10802.9
2011-11-01,2024-05-29,2024-05-29,227.169,2024-05-23,2024-05-23,201.4,2024-05-31,2024-05-31,10806.8
2011-12-01,2024-05-29,2024-05-29,227.223,2024-05-23,2024-05-23,199.8,2024-05-31,2024-05-31,10817.8
2012-01-01,2024-05-29,2024-05-29,227.842,2024-05-23,2024-05-23,200.7,2024-05-31,2024-05-31,10896.8
2012-02-01,2024-05-29,2024-05-29,228.329,2024-05-23,2024-05-23,201.6,2024-05-31,2024-05-31,10987.2
2012-03-01,2024-05-29,2024-05-29,228.807,2024-05-23,2024-05-23,204.2,2024-05-31,2024-05-31,10993.9
2012-04-01,2024-05-29,2024-05-29,229.187,2024-05-23,2024-05-23,203.7,2024-05-31,2024-05-31,11018.5
2012-05-01,2024-05-29,2024-05-29,228.713,2024-05-23,2024-05-23,201.9,2024-05-31,2024-05-31,11006.8
2012-06-01,2024-05-29,2024-05-29,228.524,2024-05-23,2024-05-23,199.8,2024-05-31,2024-05-31,10989.8
2012-07-01,2024-05-29,2024-05-29,228.59,2024-05-23,2024-05-23,200.1,2024-05-31,2024-05-31,11016.8
2012-08-01,2024-05-29,2024-05-29,229.918,2024-05-23,2024-05-23,202.7,2024-05-31,2024-05-31,11056.0
2012-09-01,2024-05-29,2024-05-29,231.015,2024-05-23,2024-05-23,204.4,2024-05-31,2024-05-31,11105.3
2012-10-01,2024-05-29,2024-05-29,231.638,2024-05-23,2024-05-23,203.5,2024-05-31,2024-05-31,11137.4
2012-11-01,2024-05-29,2024-05-29,231.249,2024-05-23,2024-05-23,201.8,2024-05-31,2024-05-31,11178.4
2012-12-01,2024-05-29,2024-05-29,231.221,2024-05-23,2024-05-23,201.5,2024-05-31,2024-05-31,11181.2
2013-01-01,2024-05-29,2024-05-29,231.679,2024-05-23,2024-05-23,202.5,2024-05-31,2024-05-31,11252.4
2013-02-01,2024-05-29,2024-05-29,232.937,2024-05-23,2024-05-23,204.3,2024-05-31,2024-05-31,11290.5
2013-03-01,2024-05-29,2024-05-29,232.282,2024-05-23,2024-05-23,204.0,2024-05-31,2024-05-31,11290.1
2013-04-01,2024-05-29,2024-05-29,231.797,2024-05-23,2024-05-23,203.5,2024-05-31,2024-05-31,11281.1
2013-05-01,2024-05-29,2024-05-29,231.893,2024-05-23,2024-05-23,204.1,2024-05-31,2024-05-31,11321.6
2013-06-01,2024-05-29,2024-05-29,232.445,2024-05-23,2024-05-23,204.3,2024-05-31,2024-05-31,11344.4
2013-07-01,2024-05-29,2024-05-29,232.9,2024-05-23,2024-05-23,204.4,2024-05-31,2024-05-31,11372.6
2013-08-01,2024-05-29,2024-05-29,233.456,2024-05-23,2024-05-23,204.2,2024-05-31,2024-05-31,11406.6
2013-09-01,2024-05-29,2024-05-29,233.544,2024-05-23,2024-05-23,203.9,2024-05-31,2024-05-31,11445.9
2013-10-01,2024-05-29,2024-05-29,233.669,2024-05-23,2024-05-23,202.5,2024-05-31,2024-05-31,11498.0
2013-11-01,2024-05-29,2024-05-29,234.1,2024-05-23,2024-05-23,201.2,2024-05-31,2024-05-31,11562.5
2013-12-01,2024-05-29,2024-05-29,234.719,2024-05-23,2024-05-23,202.0,2024-05-31,2024-05-31,11593.2
2014-01-01,2024-05-29,2024-05-29,235.288,2024-05-23,2024-05-23,203.8,2024-05-31,2024-05-31,11578.8
2014-02-01,2024-05-29,2024-05-29,235.547,2024-05-23,2024-05-23,205.7,2024-05-31,2024-05-31,11636.9
2014-03-01,2024-05-29,2024-05-29,236.028,2024-05-23,2024-05-23,207.0,2024-05-31,2024-05-31,11722.3
2014-04-01,2024-05-29,2024-05-29,236.468,2024-05-23,2024-05-23,208.3,2024-05-31,2024-05-31,11762.3
2014-05-01,2024-05-29,2024-05-29,236.918,2024-05-23,2024-05-23,208.0,2024-05-31,2024-05-31,11807.3
2014-06-01,2024-05-29,2024-05-29,237.231,2024-05-23,2024-05-23,208.3,2024-05-31,2024-05-31,11861.7
2014-07-01,2024-05-29,2024-05-29,237.498,2024-05-23,2024-05-23,208.0,2024-05-31,2024-05-31,11904.4
2014-08-01,2024-05-29,2024-05-29,237.46,2024-05-23,2024-05-23,207.0,2024-05-31,2024-05-31,11983.7
2014-09-01,2024-05-29,2024-05-29,237.477,2024-05-23,2024-05-23,206.4,2024-05-31,2024-05-31,11991.4
2014-10-01,2024-05-29,2024-05-29,237.43,2024-05-23,2024-05-23,203.4,2024-05-31,2024-05-31,12064.7
2014-11-01,2024-05-29,2024-05-29,236.983,2024-05-23,2024-05-23,200.9,2024-05-31,2024-05-31,12083.9
2014-12-01,2024-05-29,2024-05-29,236.252,2024-05-23,2024-05-23,197.0,2024-05-31,2024-05-31,12096.1
2015-01-01,2024-05-29,2024-05-29,234.747,2024-05-23,2024-05-23,192.0,2024-05-31,2024-05-31,12066.7
2015-02-01,2024-05-29,2024-05-29,235.342,2024-05-23,2024-05-23,191.1,2024-05-31,2024-05-31,12116.6
2015-03-01,2024-05-29,2024-05-29,235.976,2024-05-23,2024-05-23,191.5,2024-05-31,2024-05-31,12176.1
2015-04-01,2024-05-29,2024-05-29,236.222,2024-05-23,2024-05-23,190.9,2024-05-31,2024-05-31,12209.1
2015-05-01,2024-05-29,2024-05-29,237.001,2024-05-23,2024-05-23,193.4,2024-05-31,2024-05-31,12275.4
2015-06-01,2024-05-29,2024-05-29,237.657,2024-05-23,2024-05-23,194.8,2024-05-31,2024-05-31,12307.9
2015-07-01,2024-05-29,2024-05-29,238.034,2024-05-23,2024-05-23,193.9,2024-05-31,2024-05-31,12364.9
2015-08-01,2024-05-29,2024-05-29,238.033,2024-05-23,2024-05-23,191.9,2024-05-31,2024-05-31,12396.2
2015-09-01,2024-05-29,2024-05-29,237.498,2024-05-23,2024-05-23,189.1,2024-05-31,2024-05-31,12386.4
2015-10-01,2024-05-29,2024-05-29,237.733,2024-05-23,2024-05-23,187.5,2024-05-31,2024-05-31,12394.9
2015-11-01,2024-05-29,2024-05-29,238.017,2024-05-23,2024-05-23,185.7,2024-05-31,2024-05-31,12423.2
2015-12-01,2024-05-29,2024-05-29,237.761,2024-05-23,2024-05-23,183.5,2024-05-31,2024-05-31,12452.0
2016-01-01,2024-05-29,2024-05-29,237.652,2024-05-23,2024-05-23,182.6,2024-05-31,2024-05-31,12478.0
2016-02-01,2024-05-29,2024-05-29,237.336,2024-05-23,2024-05-23,181.3,2024-05-31,2024-05-31,12554.5
2016-03-01,2024-05-29,2024-05-29,238.08,2024-05-23,2024-05-23,182.1,2024-05-31,2024-05-31,12537.0
2016-04-01,2024-05-29,2024-05-29,238.992,2024-05-23,2024-05-23,183.2,2024-05-31,2024-05-31,12611.5
2016-05-01,2024-05-29,2024-05-29,239.557,2024-05-23,2024-05-23,185.3,2024-05-31,2024-05-31,12652.7
2016-06-01,2024-05-29,2024-05-29,240.222,2024-05-23,2024-05-23,187.6,2024-05-31,2024-05-31,12731.2
2016-07-01,2024-05-29,2024-05-29,240.101,2024-05-23,2024-05-23,187.7,2024-05-31,2024-05-31,12756.7
2016-08-01,2024-05-29,2024-05-29,240.545,2024-05-23,2024-05-23,186.6,2024-05-31,2024-05-31,12788.1
2016-09-01,2024-05-29,2024-05-29,241.176,2024-05-23,2024-05-23,186.9,2024-05-31,2024-05-31,12846.6
2016-10-01,2024-05-29,2024-05-29,241.741,2024-05-23,2024-05-23,186.7,2024-05-31,2024-05-31,12867.0
2016-11-01,2024-05-29,2024-05-29,242.026,2024-05-23,2024-05-23,186.3,2024-05-31,2024-05-31,12893.0
2016-12-01,2024-05-29,2024-05-29,242.637,2024-05-23,2024-05-23,188.2,2024-05-31,2024-05-31,13005.9
2017-01-01,2024-05-29,2024-05-29,243.618,2024-05-23,2024-05-23,190.7,2024-05-31,2024-05-31,13063.7
2017-02-01,2024-05-29,2024-05-29,244.006,2024-05-23,2024-05-23,191.6,2024-05-31,2024-05-31,13088.4
2017-03-01,2024-05-29,2024-05-29,243.892,2024-05-23,2024-05-23,191.5,2024-05-31,2024-05-31,13139.9
2017-04-01,2024-05-29,2024-05-29,244.193,2024-05-23,2024-05-23,193.0,2024-05-31,2024-05-31,13169.2
2017-05-01,2024-05-29,2024-05-29,244.004,2024-05-23,2024-05-23,192.8,2024-05-31,2024-05-31,13171.9
2017-06-01,2024-05-29,2024-05-29,244.163,2024-05-23,2024-05-23,193.6,2024-05-31,2024-05-31,13225.2
2017-07-01,2024-05-29,2024-05-29,244.243,2024-05-23,2024-05-23,193.5,2024-05-31,2024-05-31,13263.3
2017-08-01,2024-05-29,2024-05-29,245.183,2024-05-23,2024-05-23,193.8,2024-05-31,2024-05-31,13294.6
2017-09-01,2024-05-29,2024-05-29,246.435,2024-05-23,2024-05-23,194.8,2024-05-31,2024-05-31,13417.3
2017-10-01,2024-05-29,2024-05-29,246.626,2024-05-23,2024-05-23,194.9,2024-05-31,2024-05-31,13447.5
2017-11-01,2024-05-29,2024-05-29,247.284,2024-05-23,2024-05-23,195.9,2024-05-31,2024-05-31,13540.6
2017-12-01,2024-05-29,2024-05-29,247.805,2024-05-23,2024-05-23,196.3,2024-05-31,2024-05-31,13666.1
2018-01-01,2024-05-29,2024-05-29,248.859,2024-05-23,2024-05-23,197.9,2024-05-31,2024-05-31,13703.3
2018-02-01,2024-05-29,2024-05-29,249.529,2024-05-23,2024-05-23,199.3,2024-05-31,2024-05-31,13738.7
2018-03-01,2024-05-29,2024-05-29,249.577,2024-05-23,2024-05-23,199.3,2024-05-31,2024-05-31,13793.2
2018-04-01,2024-05-29,2024-05-29,250.227,2024-05-23,2024-05-23,200.3,2024-05-31,2024-05-31,13838.4
2018-05-01,2024-05-29,2024-05-29,250.792,2024-05-23,2024-05-23,203.2,2024-05-31,2024-05-31,13905.0
2018-06-01,2024-05-29,2024-05-29,251.018,2024-05-23,2024-05-23,204.2,2024-05-31,2024-05-31,13930.4
2018-07-01,2024-05-29,2024-05-29,251.214,2024-05-23,2024-05-23,204.3,2024-05-31,2024-05-31,13974.8
2018-08-01,2024-05-29,2024-05-29,251.663,2024-05-23,2024-05-23,203.4,2024-05-31,2024-05-31,14014.0
2018-09-01,2024-05-29,2024-05-29,252.182,2024-05-23,2024-05-23,203.6,2024-05-31,2024-05-31,14017.8
2018-10-01,2024-05-29,2024-05-29,252.772,2024-05-23,2024-05-23,204.6,2024-05-31,2024-05-31,14083.1
2018-11-01,2024-05-29,2024-05-29,252.594,2024-05-23,2024-05-23,202.3,2024-05-31,2024-05-31,14162.9
2018-12-01,2024-05-29,2024-05-29,252.767,2024-05-23,2024-05-23,201.0,2024-05-31,2024-05-31,14051.6
2019-01-01,2024-05-29,2024-05-29,252.561,2024-05-23,2024-05-23,199.1,2024-05-31,2024-05-31,14088.4
2019-02-01,2024-05-29,2024-05-29,253.319,2024-05-23,2024-05-23,199.2,2024-05-31,2024-05-31,14115.5
2019-03-01,2024-05-29,2024-05-29,254.277,2024-05-23,2024-05-23,200.8,2024-05-31,2024-05-31,14240.1
2019-04-01,2024-05-29,2024-05-29,255.233,2024-05-23,2024-05-23,202.1,2024-05-31,2024-05-31,14278.3
2019-05-01,2024-05-29,2024-05-29,255.296,2024-05-23,2024-05-23,201.7,2024-05-31,2024-05-31,14340.8
2019-06-01,2024-05-29,2024-05-29,255.213,2024-05-23,2024-05-23,200.3,2024-05-31,2024-05-31,14391.2
2019-07-01,2024-05-29,2024-05-29,255.802,2024-05-23,2024-05-23,200.7,2024-05-31,2024-05-31,14471.8
2019-08-01,2024-05-29,2024-05-29,256.036,2024-05-23,2024-05-23,199.2,2024-05-31,2024-05-31,14525.7
2019-09-01,2024-05-29,2024-05-29,256.43,2024-05-23,2024-05-23,198.4,2024-05-31,2024-05-31,14555.6
2019-10-01,2024-05-29,2024-05-29,257.155,2024-05-23,2024-05-23,198.6,2024-05-31,2024-05-31,14584.0
2019-11-01,2024-05-29,2024-05-29,257.879,2024-05-23,2024-05-23,199.0,2024-05-31,2024-05-31,14678.6
2019-12-01,2024-05-29,2024-05-29,258.63,2024-05-23,2024-05-23,199.0,2024-05-31,2024-05-31,14741.3
2020-01-01,2024-05-29,2024-05-29,258.906,2024-05-23,2024-05-23,199.3,2024-05-31,2024-05-31,14815.7
2020-02-01,2024-05-29,2024-05-29,259.246,2024-05-23,2024-05-23,196.7,2024-05-31,2024-05-31,14810.7
2020-03-01,2024-05-29,2024-05-29,258.15,2024-05-23,2024-05-23,193.1,2024-05-31,2024-05-31,13793.0
2020-04-01,2024-05-29,2024-05-29,256.126,2024-05-23,2024-05-23,185.5,2024-05-31,2024-05-31,12228.3
2020-05-01,2024-05-29,2024-05-29,255.848,2024-05-23,2024-05-23,188.6,2024-05-31,2024-05-31,13251.4
2020-06-01,2024-05-29,2024-05-29,257.004,2024-05-23,2024-05-23,191.2,2024-05-31,2024-05-31,14027.1
2020-07-01,2024-05-29,2024-05-29,258.408,2024-05-23,2024-05-23,193.0,2024-05-31,2024-05-31,14285.1
2020-08-01,2024-05-29,2024-05-29,259.366,2024-05-23,2024-05-23,194.3,2024-05-31,2024-05-31,14428.4
2020-09-01,2024-05-29,2024-05-29,259.951,2024-05-23,2024-05-23,195.5,2024-05-31,2024-05-31,14655.0
2020-10-01,2024-05-29,2024-05-29,260.249,2024-05-23,2024-05-23,196.5,2024-05-31,2024-05-31,14702.5
2020-11-01,2024-05-29,2024-05-29,260.895,2024-05-23,2024-05-23,198.3,2024-05-31,2024-05-31,14675.8
2020-12-01,2024-05-29,2024-05-29,262.005,2024-05-23,2024-05-23,200.5,2024-05-31,2024-05-31,14801.8
2021-01-01,2024-05-29,2024-05-29,262.518,2024-05-23,2024-05-23,204.8,2024-05-31,2024-05-31,15047.3
2021-02-01,2024-05-29,2024-05-29,263.583,2024-05-23,2024-05-23,210.6,2024-05-31,2024-05-31,14948.2
2021-03-01,2024-05-29,2024-05-29,264.91,2024-05-23,2024-05-23,215.0,2024-05-31,2024-05-31,15657.6
2021-04-01,2024-05-29,2024-05-29,266.752,2024-05-23,2024-05-23,217.9,2024-05-31,2024-05-31,15854.1
2021-05-01,2024-05-29,2024-05-29,268.452,2024-05-23,2024-05-23,224.9,2024-05-31,2024-05-31,15890.0
2021-06-01,2024-05-29,2024-05-29,270.664,2024-05-23,2024-05-23,228.9,2024-05-31,2024-05-31,16108.5
2021-07-01,2024-05-29,2024-05-29,271.994,2024-05-23,2024-05-23,231.85,2024-05-31,2024-05-31,16150.8
2021-08-01,2024-05-29,2024-05-29,272.789,2024-05-23,2024-05-23,233.415,2024-05-31,2024-05-31,16305.6
2021-09-01,2024-05-29,2024-05-29,273.887,2024-05-23,2024-05-23,235.678,2024-05-31,2024-05-31,16398.9
2021-10-01,2024-05-29,2024-05-29,276.434,2024-05-23,2024-05-23,240.465,2024-05-31,2024-05-31,16613.8
2021-11-01,2024-05-29,2024-05-29,278.799,2024-05-23,2024-05-23,243.287,2024-05-31,2024-05-31,16741.6
2021-12-01,2024-05-29,2024-05-29,280.808,2024-05-23,2024-05-23,241.338,2024-05-31,2024-05-31,16799.2
2022-01-01,2024-05-29,2024-05-29,282.39,2024-05-23,2024-05-23,246.453,2024-05-31,2024-05-31,16888.6
2022-02-01,2024-05-29,2024-05-29,284.535,2024-05-23,2024-05-23,252.66,2024-05-31,2024-05-31,16999.7
2022-03-01,2024-05-29,2024-05-29,287.553,2024-05-23,2024-05-23,260.014,2024-05-31,2024-05-31,17203.6
2022-04-01,2024-05-29,2024-05-29,288.764,2024-05-23,2024-05-23,265.31,2024-05-31,2024-05-31,17310.5
2022-05-01,2024-05-29,2024-05-29,291.359,2024-05-23,2024-05-23,273.251,2024-05-31,2024-05-31,17384.8
2022-06-01,2024-05-29,2024-05-29,294.996,2024-05-23,2024-05-23,280.251,2024-05-31,2024-05-31,17550.0
2022-07-01,2024-05-29,2024-05-29,294.977,2024-05-23,2024-05-23,272.274,2024-05-31,2024-05-31,17556.4
2022-08-01,2024-05-29,2024-05-29,295.209,2024-05-23,2024-05-23,269.546,2024-05-31,2024-05-31,17692.2
2022-09-01,2024-05-29,2024-05-29,296.341,2024-05-23,2024-05-23,267.898,2024-05-31,2024-05-31,17804.0
2022-10-01,2024-05-29,2024-05-29,297.863,2024-05-23,2024-05-23,265.061,2024-05-31,2024-05-31,17915.1
2022-11-01,2024-05-29,2024-05-29,298.648,2024-05-23,2024-05-23,263.157,2024-05-31,2024-05-31,17892.5
2022-12-01,2024-05-29,2024-05-29,298.812,2024-05-23,2024-05-23,257.897,2024-05-31,2024-05-31,17943.6
2023-01-01,2024-05-29,2024-05-29,300.356,2024-05-23,2024-05-23,260.227,2024-05-31,2024-05-31,18229.6
2023-02-01,2024-05-29,2024-05-29,301.509,2024-05-23,2024-05-23,258.669,2024-05-31,2024-05-31,18296.5
2023-03-01,2024-05-29,2024-05-29,301.744,2024-05-23,2024-05-23,257.062,2024-05-31,2024-05-31,18282.6
2023-04-01,2024-05-29,2024-05-29,303.032,2024-05-23,2024-05-23,256.908,2024-05-31,2024-05-31,18363.8
2023-05-01,2024-05-29,2024-05-29,303.365,2024-05-23,2024-05-23,253.67,2024-05-31,2024-05-31,18407.8
2023-06-01,2024-05-29,2024-05-29,304.003,2024-05-23,2024-05-23,253.86,2024-05-31,2024-05-31,18485.4
2023-07-01,2024-05-29,2024-05-29,304.628,2024-05-23,2024-05-23,253.835,2024-05-31,2024-05-31,18595.4
2023-08-01,2024-05-29,2024-05-29,306.187,2024-05-23,2024-05-23,257.68,2024-05-31,2024-05-31,18651.6
2023-09-01,2024-05-29,2024-05-29,307.288,2024-05-23,2024-05-23,258.934,2024-05-31,2024-05-31,18791.5
2023-10-01,2024-05-29,2024-05-29,307.531,2024-05-23,2024-05-23,255.192,2024-05-31,2024-05-31,18826.8
2023-11-01,2024-05-29,2024-05-29,308.024,2024-05-23,2024-05-23,252.856,2024-05-31,2024-05-31,18903.0
2023-12-01,2024-05-29,2024-05-29,308.742,2024-05-23,2024-05-23,249.866,2024-05-31,2024-05-31,19013.7
2024-01-01,2024-05-29,2024-05-29,309.685,2024-05-23,2024-05-23,251.245,2024-05-31,2024-05-31,19032.7
2024-02-01,2024-05-29,2024-05-29,311.054,2024-05-23,2024-05-23,254.84,2024-05-31,2024-05-31,19158.4
2024-03-01,2024-05-29,2024-05-29,312.23,2024-05-23,2024-05-23,254.995,2024-05-31,2024-05-31,19301.5
2024-04-01,2024-05-29,2024-05-29,313.207,2024-05-23,2024-05-23,257.234,2024-05-31,2024-05-31,19340.6
